vendor_id,gdpr_compliance_score,consent_management_rating,data_subject_rights_score,data_completeness_pct,data_accuracy_score,bias_detection_capability,encryption_level,access_control_rating,security_incidents_last_year,financial_stability_score,sla_performance_pct,years_in_business,vendor_size,risk_score,risk_level
1,82.5,Fair,63.8,75.8,86.7,Basic,Standard,4.4,2,96.9,94.1,12.8,Startup,30.61,Medium
2,72.9,Poor,55.0,69.4,68.7,Advanced,Advanced,7.1,2,77.8,100.0,1.9,Enterprise,51.41,Medium
3,84.7,Good,76.4,79.5,84.7,Basic,Basic,10.0,0,52.3,100.0,6.3,Enterprise,31.99,Medium
4,97.8,Good,96.8,87.2,100.0,Basic,Advanced,5.2,2,52.9,97.4,1.6,Small,43.36,Medium
5,71.5,Poor,32.5,92.1,90.8,None,Standard,4.5,1,76.9,91.8,3.4,Medium,49.43,Medium
6,71.5,Excellent,72.3,78.3,75.8,Basic,Standard,5.3,2,66.0,90.3,21.4,Startup,33.84,Medium
7,98.7,Poor,66.8,80.0,85.9,Expert,Standard,8.8,1,68.9,100.0,1.3,Enterprise,28.9,Low
8,86.5,Good,83.4,73.9,78.4,Basic,Advanced,9.2,0,93.4,96.6,8.0,Medium,21.05,Low
9,68.0,Good,74.3,84.6,82.1,None,Advanced,6.7,2,88.2,78.2,7.2,Startup,38.59,Medium
10,83.1,Excellent,55.0,74.8,77.1,Basic,Basic,8.5,2,99.8,89.6,1.0,Small,50.93,Medium
11,68.0,Good,63.6,91.9,79.5,Basic,Advanced,9.6,2,57.2,88.1,3.2,Startup,61.61,High
12,68.0,Excellent,54.1,63.6,85.2,None,Standard,10.0,5,68.8,90.6,6.6,Small,69.16,High
13,78.6,Fair,91.5,80.7,67.1,Basic,Advanced,7.1,2,88.7,99.5,1.7,Medium,39.0,Medium
14,46.3,Excellent,70.4,88.6,66.8,Advanced,Advanced,4.0,0,83.1,94.1,12.9,Medium,22.44,Low
15,49.1,Poor,100.0,87.2,61.2,Advanced,Advanced,6.3,2,100.0,94.4,28.6,Small,30.73,Medium
16,66.6,Excellent,68.8,100.0,58.0,Basic,Advanced,6.9,3,82.6,100.0,1.9,Startup,52.78,Medium
17,59.8,Good,55.8,89.2,63.7,Basic,Standard,7.1,1,100.0,89.4,1.7,Small,41.22,Medium
18,79.7,Excellent,39.7,73.0,84.4,Expert,Advanced,7.2,0,84.7,100.0,4.9,Startup,42.22,Medium
19,61.4,Good,33.9,83.9,68.6,Basic,Advanced,9.2,1,94.1,89.6,11.0,Large,20.57,Low
20,53.8,Good,38.3,63.7,89.7,Basic,Advanced,9.4,3,69.2,95.7,2.6,Startup,67.3,High
21,97.0,Good,75.3,84.0,82.5,Basic,Advanced,7.2,0,75.3,92.8,1.0,Medium,32.06,Medium
22,71.6,Good,80.2,75.0,52.5,Basic,Basic,9.1,0,91.4,96.0,6.2,Small,28.2,Low
23,76.0,Poor,38.4,96.0,91.8,Advanced,Advanced,8.0,1,100.0,98.6,25.1,Small,27.27,Low
24,53.6,Poor,87.9,78.4,94.2,Basic,Advanced,7.6,0,88.1,98.5,4.0,Medium,22.71,Low
25,66.8,Fair,60.3,83.6,67.1,Advanced,Standard,8.9,1,73.5,89.0,4.4,Medium,46.78,Medium
26,76.7,Fair,72.9,77.4,88.3,None,Basic,7.6,1,99.8,86.0,27.8,Medium,17.28,Low
27,57.7,Excellent,100.0,100.0,69.2,Basic,Basic,10.0,0,35.5,100.0,9.5,Medium,13.36,Low
28,80.6,Fair,87.9,81.1,83.5,Advanced,Military,5.3,0,49.4,91.1,10.2,Medium,24.02,Low
29,66.0,Excellent,64.6,100.0,63.0,Basic,Advanced,6.7,1,87.3,100.0,6.6,Small,40.82,Medium
30,70.6,Fair,52.2,94.8,55.1,Advanced,Standard,7.3,3,75.3,82.1,29.4,Medium,49.04,Medium
31,66.0,Fair,27.0,90.8,76.3,Basic,Standard,8.2,1,85.9,92.8,9.3,Medium,17.02,Low
32,100.0,Excellent,55.6,89.4,80.1,Advanced,Advanced,9.4,2,76.2,94.0,18.0,Startup,28.02,Low
33,74.8,Good,65.8,89.7,76.0,None,Advanced,7.5,1,85.3,98.8,9.6,Medium,18.3,Low
34,59.1,Good,50.3,61.9,64.2,Expert,Basic,5.4,0,60.3,73.2,10.6,Startup,24.04,Low
35,87.3,Good,67.4,81.7,76.0,None,Standard,8.8,0,85.3,96.3,2.7,Small,17.89,Low
36,56.7,Good,71.5,95.1,86.0,Expert,Advanced,8.6,1,92.9,85.8,2.9,Medium,28.84,Low
37,78.1,Fair,65.5,84.4,81.3,Basic,Basic,4.6,0,97.0,97.6,12.2,Large,16.88,Low
38,45.6,Excellent,57.0,68.1,84.7,Advanced,Standard,7.5,1,100.0,86.7,2.8,Large,52.42,Medium
39,55.1,Excellent,73.4,84.4,71.9,Basic,Military,5.1,1,79.4,88.2,6.6,Startup,23.49,Low
40,78.0,Good,78.8,100.0,99.6,Expert,Advanced,6.5,0,79.9,92.8,2.3,Medium,19.71,Low
41,86.1,Fair,48.2,100.0,64.4,None,Standard,6.1,1,47.6,86.6,13.6,Medium,39.65,Medium
42,77.6,Good,98.2,84.3,89.3,None,Basic,8.7,1,65.4,91.2,1.0,Startup,45.95,Medium
43,73.3,Poor,68.0,96.4,99.7,Basic,Basic,7.7,1,71.5,85.5,14.1,Large,16.95,Low
44,70.5,Poor,70.4,80.6,89.2,None,Standard,5.6,2,93.9,80.3,7.4,Large,34.32,Medium
45,52.8,Fair,84.2,64.6,79.0,None,Advanced,8.8,1,64.0,100.0,1.7,Enterprise,49.11,Medium
46,64.2,Good,74.7,73.9,74.1,Expert,Advanced,5.3,1,89.3,84.6,6.2,Startup,34.45,Medium
47,68.1,Excellent,89.1,100.0,97.5,Expert,Advanced,8.0,1,75.0,93.6,2.7,Small,32.5,Medium
48,90.9,Good,75.7,81.7,60.7,Basic,Military,6.3,2,71.8,100.0,3.1,Large,34.44,Medium
49,80.2,Good,57.8,82.1,67.4,Expert,Advanced,7.0,2,79.5,90.1,3.5,Medium,50.89,Medium
50,48.6,Good,77.2,81.4,76.0,Advanced,Standard,8.3,0,68.0,88.4,1.0,Large,36.17,Medium
51,79.9,Fair,47.1,100.0,100.0,Basic,Advanced,8.3,3,67.3,96.8,34.1,Startup,47.25,Medium
52,69.2,Fair,72.2,100.0,87.7,Advanced,Military,9.5,0,44.3,100.0,1.0,Medium,23.01,Low
53,64.8,Excellent,69.3,100.0,67.5,Advanced,Advanced,7.4,1,70.5,85.6,8.7,Medium,28.29,Low
54,84.2,Poor,65.8,83.1,77.3,Expert,Basic,8.0,0,66.4,93.8,3.7,Startup,24.61,Low
55,90.5,Excellent,67.4,88.5,72.8,Basic,Advanced,6.8,0,65.7,81.1,8.3,Medium,12.94,Low
56,89.0,Good,32.4,66.8,71.4,Advanced,Advanced,7.8,1,82.5,91.9,3.5,Medium,51.82,Medium
57,62.4,Good,59.0,100.0,96.7,None,Military,8.2,0,86.9,95.3,9.0,Small,14.61,Low
58,70.4,Good,71.9,71.0,61.4,None,Standard,7.4,1,79.2,88.2,10.5,Small,36.75,Medium
59,80.0,Good,73.2,87.6,100.0,None,Advanced,4.8,0,92.9,91.3,9.4,Medium,17.22,Low
60,89.6,Excellent,49.4,71.8,94.4,Expert,Advanced,8.0,0,85.4,83.7,1.0,Medium,32.96,Medium
61,67.8,Excellent,95.3,77.9,98.4,Advanced,Advanced,8.0,1,69.7,95.6,8.6,Large,25.69,Low
62,72.2,Good,52.7,75.0,75.1,Advanced,Advanced,6.5,0,66.7,100.0,2.6,Small,38.81,Medium
63,58.4,Fair,89.4,77.7,79.8,Advanced,Basic,5.6,2,80.6,86.2,1.0,Small,43.46,Medium
64,57.1,Good,78.5,78.5,60.5,Basic,Standard,9.7,1,85.3,90.0,4.3,Enterprise,41.52,Medium
65,87.2,Excellent,57.1,78.4,74.1,None,Standard,8.2,1,100.0,99.0,4.5,Enterprise,31.44,Medium
66,95.3,Fair,100.0,95.0,89.4,Basic,Military,7.2,0,96.4,100.0,5.0,Startup,16.78,Low
67,73.9,Good,46.1,71.7,100.0,Basic,Standard,5.8,1,65.3,83.1,9.8,Large,31.16,Medium
68,90.1,Good,88.4,87.6,65.4,Advanced,Advanced,6.3,2,73.2,93.6,3.0,Startup,46.57,Medium
69,80.4,Good,90.0,99.6,76.5,Advanced,Advanced,9.5,1,87.1,97.3,3.0,Startup,30.83,Medium
70,65.3,Poor,56.6,78.8,79.7,None,Standard,7.7,0,94.2,94.2,1.0,Small,36.6,Medium
71,80.4,Good,97.8,76.4,61.1,None,Advanced,6.7,2,91.9,75.2,9.3,Small,43.08,Medium
72,98.1,Excellent,65.0,82.2,90.9,None,Advanced,8.3,4,73.9,99.0,6.7,Large,45.06,Medium
73,74.5,Fair,75.8,99.2,71.1,Basic,Advanced,6.3,2,52.4,100.0,3.4,Large,38.26,Medium
74,98.5,Fair,75.2,87.3,79.1,Expert,Advanced,9.8,0,57.0,95.9,9.8,Enterprise,16.83,Low
75,35.7,Excellent,67.3,78.6,75.2,Advanced,Advanced,9.5,4,79.9,86.8,6.2,Large,65.01,High
76,87.3,Fair,86.2,90.8,70.2,Advanced,Standard,6.8,0,81.2,90.9,5.1,Medium,14.24,Low
77,76.3,Excellent,85.9,71.8,81.9,Basic,Military,6.6,0,55.2,100.0,5.7,Medium,25.11,Low
78,70.5,Good,35.0,93.2,78.8,Basic,Standard,3.6,0,75.8,100.0,8.1,Enterprise,18.89,Low
79,76.4,Fair,96.1,89.9,76.4,None,Advanced,5.3,3,86.4,100.0,8.6,Large,34.97,Medium
80,45.2,Excellent,36.8,81.3,71.1,Expert,Standard,5.5,0,54.3,97.9,2.7,Large,41.69,Medium
81,71.7,Good,90.7,74.9,86.8,Advanced,Military,7.7,0,94.9,89.7,1.2,Enterprise,41.1,Medium
82,80.4,Good,92.5,74.4,100.0,None,Advanced,7.0,0,68.2,93.4,1.4,Startup,30.36,Medium
83,97.2,Fair,48.2,91.4,84.1,Advanced,Advanced,5.5,1,97.6,94.4,8.2,Large,13.12,Low
84,67.2,Good,61.8,99.7,96.9,Basic,Standard,7.1,0,65.4,99.4,16.5,Large,25.1,Low
85,62.9,Fair,47.9,77.4,61.1,Advanced,Advanced,8.3,1,56.5,100.0,4.2,Enterprise,36.63,Medium
86,67.5,Fair,65.7,90.5,84.4,Expert,Advanced,8.3,1,66.8,100.0,1.5,Small,43.05,Medium
87,88.7,Excellent,63.8,60.0,65.5,Advanced,Advanced,4.7,1,73.3,83.6,11.3,Medium,19.35,Low
88,79.9,Fair,85.6,78.0,59.8,Advanced,Standard,7.3,1,68.0,96.8,14.3,Medium,19.23,Low
89,67.1,Good,96.2,84.6,70.9,None,Military,5.4,2,71.1,100.0,17.0,Small,41.81,Medium
90,82.7,Fair,97.9,74.1,99.9,None,Advanced,8.9,2,81.0,100.0,7.5,Medium,18.29,Low
91,76.5,Excellent,58.8,73.8,96.3,None,Standard,8.7,0,71.9,90.0,15.8,Small,23.03,Low
92,89.5,Poor,65.8,77.0,85.6,None,Advanced,6.2,1,73.8,100.0,1.0,Small,37.69,Medium
93,64.5,Excellent,36.3,88.5,59.0,Advanced,Advanced,6.4,0,44.2,84.8,1.0,Medium,61.6,High
94,70.1,Good,53.9,82.8,79.1,Advanced,Advanced,6.8,1,82.1,86.3,1.0,Medium,52.46,Medium
95,69.1,Fair,89.3,58.1,86.5,None,Standard,4.1,0,73.4,96.9,10.0,Medium,12.1,Low
96,53.0,Poor,100.0,59.6,84.6,Advanced,Advanced,8.0,2,100.0,100.0,1.0,Medium,47.04,Medium
97,79.4,Fair,45.3,77.7,54.3,None,Advanced,7.1,2,58.1,88.3,5.5,Small,50.76,Medium
98,78.9,Good,58.2,90.5,68.6,Basic,Advanced,9.0,1,42.5,92.9,5.1,Small,37.05,Medium
99,75.1,Fair,69.5,52.0,81.0,Basic,Advanced,5.9,3,86.1,100.0,3.0,Startup,51.38,Medium
100,71.5,Excellent,75.6,79.0,90.0,Basic,Advanced,6.6,2,81.2,94.9,16.3,Small,21.89,Low
101,53.8,Good,53.8,78.7,49.1,Basic,Advanced,5.2,2,56.8,92.3,1.5,Medium,55.15,Medium
102,68.7,Fair,78.5,100.0,79.6,Basic,Basic,6.0,2,47.5,99.5,3.5,Large,47.52,Medium
103,69.9,Good,60.5,80.4,84.1,Basic,Advanced,5.7,1,100.0,97.2,11.9,Small,29.16,Low
104,63.0,Good,69.7,89.6,94.7,Expert,Advanced,9.0,2,100.0,100.0,1.0,Startup,37.85,Medium
105,72.6,Fair,80.9,86.7,92.4,None,Standard,6.5,1,30.2,100.0,8.9,Large,32.01,Medium
106,81.1,Fair,70.1,59.4,90.7,None,Standard,7.7,1,66.8,97.5,13.6,Small,31.57,Medium
107,100.0,Poor,61.3,94.2,70.0,None,Advanced,6.9,1,100.0,97.3,21.5,Enterprise,15.15,Low
108,77.6,Good,67.8,87.6,53.4,Advanced,Advanced,5.6,0,66.4,96.7,16.7,Large,17.92,Low
109,78.9,Good,68.2,91.1,76.1,None,Standard,7.2,0,66.2,98.9,3.1,Small,22.06,Low
110,73.9,Good,62.6,100.0,97.0,Advanced,Advanced,8.4,0,69.9,95.4,7.1,Small,22.53,Low
111,46.2,Excellent,64.8,60.0,100.0,Advanced,Basic,5.7,2,54.8,95.0,1.0,Medium,40.56,Medium
112,74.6,Excellent,100.0,100.0,92.7,Advanced,Advanced,8.7,3,44.3,100.0,2.4,Startup,52.78,Medium
113,75.9,Good,81.2,81.6,88.4,Advanced,Military,6.2,1,93.9,100.0,1.0,Startup,53.36,Medium
114,100.0,Excellent,64.1,88.4,87.7,None,Advanced,6.8,2,41.8,82.9,3.0,Small,36.41,Medium
115,72.1,Fair,83.9,84.5,73.7,None,Standard,8.3,1,79.5,95.1,16.6,Large,23.06,Low
116,79.5,Poor,63.3,79.9,80.0,Basic,Advanced,6.5,2,91.0,89.5,3.4,Medium,39.67,Medium
117,74.5,Fair,93.5,78.2,100.0,Advanced,Standard,7.6,1,48.9,92.5,6.6,Startup,25.03,Low
118,57.5,Poor,77.4,89.0,67.9,Basic,Advanced,7.0,3,58.4,98.2,4.5,Medium,65.7,High
119,92.1,Good,67.9,66.8,100.0,None,Advanced,7.7,0,96.8,100.0,4.9,Medium,8.16,Low
120,86.3,Excellent,79.0,94.0,77.2,Expert,Advanced,3.9,0,84.6,94.1,27.9,Medium,0.0,
121,86.9,Poor,38.6,80.0,100.0,None,Standard,4.8,0,63.9,79.7,2.8,Small,31.55,Medium
122,61.4,Poor,47.5,71.4,60.9,Advanced,Military,8.4,1,96.6,87.3,7.9,Medium,36.95,Medium
123,96.0,Good,46.1,79.6,90.8,Advanced,Advanced,9.1,2,96.7,100.0,4.4,Enterprise,35.54,Medium
124,54.0,Excellent,72.9,100.0,70.9,Basic,Standard,6.1,0,79.8,73.1,1.0,Startup,48.06,Medium
125,83.8,Fair,100.0,78.6,60.8,None,Advanced,7.1,0,58.8,100.0,5.4,Small,38.47,Medium
126,100.0,Good,100.0,89.3,85.3,None,Advanced,7.9,1,67.6,99.2,13.4,Small,15.49,Low
127,60.1,Poor,82.8,76.2,97.1,Advanced,Advanced,8.5,0,80.2,100.0,1.0,Small,40.41,Medium
128,66.5,Poor,80.0,94.1,69.3,Advanced,Advanced,4.5,2,71.6,93.4,1.0,Small,53.04,Medium
129,76.5,Excellent,34.0,93.2,59.5,Advanced,Advanced,6.2,1,91.9,78.5,1.3,Large,38.08,Medium
130,67.4,Excellent,59.1,100.0,80.6,Expert,Standard,7.0,2,47.5,98.4,11.6,Enterprise,36.08,Medium
131,51.7,Poor,54.2,82.9,80.7,Advanced,Advanced,8.6,1,48.1,100.0,10.3,Small,28.3,Low
132,76.0,Excellent,57.6,93.0,90.2,None,Advanced,10.0,0,78.3,100.0,6.7,Medium,14.9,Low
133,59.1,Good,66.6,86.2,96.2,Basic,Standard,7.2,1,66.2,89.7,5.1,Medium,44.16,Medium
134,82.1,Excellent,60.6,100.0,81.1,Advanced,Advanced,5.4,1,63.7,95.7,17.5,Medium,9.2,Low
135,61.2,Good,30.4,76.4,100.0,Basic,Military,8.1,1,43.2,90.7,11.6,Medium,44.13,Medium
136,98.2,Good,85.0,93.9,85.4,None,Military,9.5,1,75.4,88.4,13.4,Small,15.39,Low
137,63.3,Good,48.5,82.7,76.8,Advanced,Standard,7.7,0,74.1,100.0,13.4,Medium,18.58,Low
138,70.2,Good,74.8,84.2,57.8,Basic,Standard,6.1,3,86.8,85.4,8.2,Medium,36.4,Medium
139,87.2,Poor,100.0,86.1,78.1,Expert,Advanced,8.9,0,76.2,87.8,4.9,Large,16.35,Low
140,56.5,Poor,51.6,88.0,77.0,Advanced,Standard,8.5,2,72.6,86.2,16.0,Large,31.07,Medium
141,78.4,Fair,19.4,83.6,96.4,None,Military,6.0,1,96.2,83.1,20.8,Startup,29.98,Low
142,94.6,Good,64.3,87.6,88.9,Expert,Standard,8.1,5,51.4,96.2,1.0,Startup,78.88,High
143,50.9,Fair,92.0,100.0,64.3,Basic,Standard,9.0,1,84.7,100.0,1.0,Enterprise,57.97,Medium
144,77.8,Good,100.0,96.8,84.6,Basic,Advanced,9.3,1,44.9,93.5,25.5,Medium,21.39,Low
145,78.9,Excellent,45.4,95.4,92.1,Basic,Standard,7.4,1,59.9,83.0,2.6,Large,43.02,Medium
146,86.7,Poor,79.9,79.5,100.0,None,Advanced,7.0,2,53.2,100.0,16.5,Startup,31.78,Medium
147,56.4,Good,60.7,74.3,95.3,Basic,Advanced,9.3,1,89.1,100.0,3.9,Medium,37.25,Medium
148,55.2,Good,67.9,96.5,93.4,None,Standard,5.7,1,73.8,89.8,1.0,Medium,33.85,Medium
149,82.8,Excellent,100.0,95.5,82.9,Basic,Standard,8.2,1,74.8,91.2,1.0,Large,36.91,Medium
150,79.5,Fair,39.9,100.0,87.8,Basic,Advanced,5.4,0,55.1,99.1,1.4,Startup,33.56,Medium
151,78.8,Good,75.1,77.8,100.0,Advanced,Standard,9.1,1,69.6,100.0,2.3,Small,32.87,Medium
152,80.2,Excellent,79.4,82.2,62.0,Advanced,Advanced,7.1,1,61.3,90.8,5.4,Medium,43.27,Medium
153,64.8,Excellent,91.7,65.3,76.8,None,Advanced,9.4,1,81.9,84.3,9.7,Large,34.82,Medium
154,78.5,Good,72.0,80.3,70.4,Basic,Advanced,8.2,1,57.2,100.0,34.4,Enterprise,31.43,Medium
155,79.4,Good,76.2,97.0,87.7,Basic,Military,5.7,1,98.9,100.0,4.7,Enterprise,27.06,Low
156,64.3,Good,62.2,79.4,100.0,None,Military,9.6,2,44.8,95.0,5.8,Enterprise,51.69,Medium
157,100.0,Excellent,75.4,92.7,73.0,Advanced,Military,9.8,0,60.5,90.5,5.9,Startup,29.44,Low
158,82.1,Good,63.1,82.7,46.1,Advanced,Standard,8.8,0,100.0,100.0,6.2,Startup,31.98,Medium
159,57.1,Poor,82.4,88.9,75.8,None,Standard,6.4,0,67.2,99.2,5.8,Startup,32.58,Medium
160,84.8,Excellent,62.6,71.2,95.7,Basic,Standard,7.0,0,51.3,88.9,1.0,Small,27.57,Low
161,60.4,Good,77.5,86.0,90.1,None,Advanced,7.7,0,78.9,95.4,1.0,Large,36.22,Medium
162,86.8,Good,69.4,50.0,88.4,Advanced,Military,6.4,1,66.4,84.2,1.0,Large,33.07,Medium
163,92.4,Fair,92.5,82.8,77.8,None,Advanced,10.0,1,60.0,100.0,1.0,Small,46.04,Medium
164,62.7,Good,69.0,65.4,62.8,Expert,Standard,7.7,2,55.3,92.9,9.8,Medium,39.59,Medium
165,89.5,Fair,34.5,99.5,89.7,Advanced,Military,3.4,0,100.0,91.5,1.8,Enterprise,26.02,Low
166,81.2,Good,95.2,94.3,69.5,Basic,Advanced,8.0,0,70.5,94.7,18.0,Medium,24.9,Low
167,87.3,Poor,51.9,90.6,100.0,Advanced,Basic,7.0,0,40.3,95.3,21.1,Startup,13.7,Low
168,100.0,Good,56.9,100.0,90.6,Expert,Advanced,7.4,1,100.0,100.0,29.8,Medium,16.31,Low
169,71.3,Excellent,58.1,73.6,73.3,Advanced,Basic,6.9,0,86.0,99.7,22.4,Small,16.69,Low
170,63.7,Poor,97.5,100.0,72.8,None,Advanced,8.7,0,61.2,93.7,2.5,Medium,27.25,Low
171,61.7,Excellent,27.3,96.2,80.6,Basic,Standard,9.2,2,58.2,100.0,5.7,Medium,48.09,Medium
172,62.8,Good,100.0,82.2,78.4,Advanced,Advanced,7.9,1,87.1,98.2,1.5,Startup,41.75,Medium
173,73.8,Excellent,91.1,98.6,98.8,Advanced,Advanced,7.0,0,70.6,91.6,13.1,Enterprise,13.78,Low
174,80.1,Excellent,74.5,71.7,84.8,Advanced,Advanced,7.4,1,40.3,94.0,17.5,Medium,23.13,Low
175,79.2,Good,68.9,75.1,71.0,Expert,Advanced,7.5,1,100.0,93.8,15.2,Medium,23.74,Low
176,87.4,Good,75.7,77.7,100.0,Expert,Advanced,6.3,1,67.2,99.0,4.5,Enterprise,30.1,Medium
177,75.2,Excellent,80.4,78.7,82.7,Expert,Advanced,8.4,1,100.0,92.1,11.4,Small,38.97,Medium
178,96.8,Good,82.9,72.3,93.5,None,Military,8.2,1,98.0,91.9,1.0,Small,31.8,Medium
179,71.0,Fair,81.1,99.7,72.9,Advanced,Standard,9.8,1,57.0,100.0,1.0,Large,51.18,Medium
180,100.0,Good,71.8,81.9,87.4,Advanced,Advanced,9.4,0,93.6,100.0,11.2,Small,9.05,Low
181,84.4,Excellent,66.1,89.2,86.7,Advanced,Standard,6.5,0,63.3,88.9,4.4,Large,19.38,Low
182,62.1,Excellent,67.0,78.2,53.7,Advanced,Basic,8.7,3,41.4,99.6,43.3,Small,50.55,Medium
183,58.9,Excellent,66.1,63.2,100.0,None,Advanced,6.1,2,67.4,95.9,1.0,Startup,54.66,Medium
184,82.2,Good,92.7,88.2,100.0,Advanced,Advanced,8.5,1,82.2,98.1,15.5,Medium,23.43,Low
185,71.6,Excellent,81.9,62.1,76.0,Advanced,Standard,6.7,3,66.7,96.1,5.2,Small,56.17,Medium
186,85.7,Poor,11.2,84.2,65.5,None,Advanced,6.0,0,69.5,100.0,14.0,Large,16.31,Low
187,82.1,Good,83.1,68.6,87.2,Basic,Advanced,7.9,2,95.6,97.8,13.6,Medium,20.09,Low
188,73.9,Poor,73.9,100.0,83.3,None,Military,3.5,0,76.9,94.5,19.8,Enterprise,4.93,Low
189,62.3,Fair,69.6,95.9,87.3,Basic,Standard,4.9,0,59.8,100.0,2.8,Large,29.84,Low
190,52.3,Fair,62.2,86.3,84.9,None,Military,7.2,1,87.6,96.9,23.9,Small,23.76,Low
191,68.3,Fair,92.5,100.0,89.6,Basic,Standard,7.6,1,78.6,96.0,1.3,Large,36.46,Medium
192,87.8,Good,89.0,74.8,100.0,Advanced,Advanced,6.9,1,29.6,97.5,1.0,Medium,35.99,Medium
193,78.2,Fair,54.5,91.5,90.5,Advanced,Basic,5.1,0,82.7,94.3,4.5,Medium,38.79,Medium
194,56.3,Good,78.1,87.4,66.3,Advanced,Basic,6.3,1,82.1,95.1,14.1,Large,31.01,Medium
195,77.6,Fair,50.6,88.2,100.0,Advanced,Advanced,8.1,0,75.4,90.3,5.1,Medium,22.51,Low
196,80.8,Fair,42.4,100.0,100.0,Basic,Advanced,8.4,0,91.1,89.0,14.1,Medium,4.37,Low
197,61.7,Fair,57.5,93.8,100.0,None,Standard,7.5,0,62.9,87.0,10.5,Medium,20.02,Low
198,77.3,Poor,87.2,88.5,65.1,Expert,Standard,9.2,2,81.1,83.9,1.9,Small,56.33,Medium
199,75.9,Good,89.1,65.1,85.6,None,Advanced,8.1,2,46.8,88.0,23.8,Small,41.17,Medium
200,57.9,Good,80.3,73.5,50.8,Expert,Basic,6.4,2,82.3,93.6,1.0,Medium,57.4,Medium
201,80.4,Good,84.5,83.5,90.3,Advanced,Advanced,7.1,0,100.0,95.8,18.3,Small,13.96,Low
202,83.4,Good,80.3,86.1,73.8,Advanced,Basic,5.4,0,57.1,92.8,2.9,Startup,28.59,Low
203,91.2,Fair,57.2,71.4,100.0,Expert,Standard,7.3,0,61.3,76.2,5.5,Startup,22.46,Low
204,90.8,Excellent,78.6,100.0,70.4,None,Standard,9.2,2,62.2,100.0,4.4,Medium,41.78,Medium
205,54.3,Good,86.0,100.0,56.7,Basic,Advanced,8.5,3,77.3,100.0,1.5,Small,66.72,High
206,60.9,Good,85.1,92.2,74.9,Advanced,Standard,9.6,1,55.9,98.6,3.5,Large,38.54,Medium
207,82.7,Poor,93.8,85.9,52.4,Basic,Standard,7.0,0,82.6,100.0,1.7,Small,24.57,Low
208,82.7,Fair,84.2,82.5,93.3,Expert,Military,9.5,0,90.2,87.2,1.8,Medium,18.45,Low
209,82.7,Fair,77.0,73.6,51.0,None,Advanced,7.2,2,84.6,100.0,1.7,Medium,26.78,Low
210,100.0,Fair,91.4,85.9,82.4,Advanced,Basic,9.7,2,43.2,87.3,5.4,Medium,44.08,Medium
211,83.6,Good,69.5,88.1,50.8,Advanced,Advanced,7.5,0,92.9,96.9,12.8,Small,20.36,Low
212,92.0,Good,52.4,70.1,77.2,Advanced,Advanced,8.6,2,91.9,84.8,6.7,Enterprise,39.44,Medium
213,89.3,Good,66.7,89.0,100.0,Basic,Standard,9.7,2,89.9,95.1,17.9,Enterprise,20.01,Low
214,84.8,Excellent,55.1,83.1,87.4,Basic,Basic,7.2,0,81.7,98.1,8.1,Large,2.11,Low
215,70.3,Excellent,56.5,62.1,69.0,Advanced,Advanced,7.8,0,79.0,93.8,9.4,Enterprise,21.14,Low
216,86.4,Good,67.1,74.7,81.5,None,Advanced,9.4,1,93.6,100.0,8.8,Medium,32.83,Medium
217,63.4,Excellent,54.2,80.0,82.3,Advanced,Advanced,7.3,2,100.0,95.8,4.8,Medium,49.24,Medium
218,71.4,Poor,63.8,100.0,89.1,Advanced,Basic,5.5,3,57.8,90.8,9.4,Large,34.02,Medium
219,67.7,Fair,32.1,91.7,61.5,Advanced,Standard,10.0,3,94.4,90.5,1.0,Medium,67.54,High
220,76.2,Poor,74.3,69.0,90.9,Advanced,Advanced,6.8,1,73.4,100.0,15.7,Large,19.77,Low
221,100.0,Good,70.0,90.8,41.4,Basic,Standard,7.7,0,72.7,89.8,12.0,Large,14.53,Low
222,47.0,Excellent,53.7,66.4,72.6,Advanced,Advanced,9.2,2,47.3,100.0,2.3,Enterprise,54.07,Medium
223,85.3,Fair,83.2,98.0,74.7,Expert,Advanced,6.6,2,69.9,100.0,11.7,Small,36.38,Medium
224,50.8,Excellent,88.8,79.3,91.5,Basic,Standard,6.0,1,57.0,81.7,1.0,Large,49.01,Medium
225,67.9,Poor,37.8,83.9,82.3,Expert,Military,7.9,1,66.7,100.0,2.0,Medium,37.2,Medium
226,91.3,Excellent,54.7,100.0,60.9,Basic,Advanced,4.8,3,55.2,100.0,1.0,Medium,55.36,Medium
227,76.0,Fair,54.6,69.6,67.2,None,Advanced,7.1,0,66.9,97.0,12.1,Small,21.9,Low
228,58.8,Poor,51.2,68.2,85.0,Basic,Basic,7.9,1,67.7,99.8,11.3,Large,37.5,Medium
229,64.3,Good,86.6,78.0,80.8,Expert,Standard,7.1,0,76.7,100.0,13.4,Enterprise,20.99,Low
230,85.2,Fair,66.1,97.5,73.3,Basic,Advanced,5.2,1,45.9,92.8,1.0,Small,36.86,Medium
231,64.0,Fair,64.7,66.8,74.8,Expert,Standard,9.9,0,49.0,96.5,5.6,Medium,26.92,Low
232,78.2,Fair,29.9,51.0,92.4,Expert,Military,7.7,1,81.5,84.5,9.8,Small,28.52,Low
233,75.7,Excellent,82.7,79.6,74.2,Basic,Standard,9.6,2,60.6,96.1,1.4,Enterprise,47.25,Medium
234,65.2,Good,45.2,91.6,80.7,None,Advanced,7.1,2,94.3,99.0,8.4,Medium,32.74,Medium
235,100.0,Fair,71.2,99.4,100.0,Advanced,Standard,6.2,0,79.1,99.1,1.0,Small,31.35,Medium
236,84.5,Good,75.5,79.4,60.6,Basic,Advanced,7.9,2,85.9,100.0,1.6,Small,45.81,Medium
237,44.6,Good,97.2,80.1,54.2,Advanced,Standard,7.2,3,100.0,88.8,5.2,Medium,36.14,Medium
238,77.8,Fair,43.8,98.8,93.8,Basic,Advanced,5.7,0,69.4,90.7,8.5,Startup,0.0,
239,65.1,Good,9.6,62.6,71.8,Basic,Standard,9.7,1,64.7,100.0,1.3,Medium,52.23,Medium
240,87.8,Poor,73.7,80.3,77.2,Advanced,Advanced,6.6,4,90.7,93.8,1.6,Enterprise,52.3,Medium
241,63.1,Fair,100.0,87.3,70.3,Basic,Basic,4.7,1,84.2,96.6,1.8,Large,37.84,Medium
242,73.3,Good,94.8,90.4,78.1,Basic,Military,9.5,3,71.6,94.5,2.2,Startup,59.8,Medium
243,82.6,Fair,74.2,78.9,100.0,Basic,Advanced,6.7,2,100.0,88.4,2.1,Enterprise,37.31,Medium
244,88.0,Good,60.2,85.4,94.0,Basic,Standard,6.6,2,71.2,100.0,4.0,Medium,44.14,Medium
245,57.0,Good,86.1,55.1,94.9,Advanced,Advanced,4.9,2,75.6,90.8,8.5,Small,54.32,Medium
246,70.0,Poor,50.5,77.1,60.8,Advanced,Basic,10.0,1,75.4,86.0,4.6,Startup,45.63,Medium
247,67.9,Good,79.5,90.4,64.7,Basic,Military,5.6,0,58.2,91.4,12.0,Small,18.8,Low
248,65.2,Fair,80.1,73.2,40.0,Advanced,Advanced,7.6,1,76.4,79.0,10.2,Large,31.63,Medium
249,100.0,Excellent,91.2,85.7,69.9,Advanced,Standard,8.9,4,100.0,89.8,1.1,Startup,43.3,Medium
250,81.1,Good,100.0,90.4,96.4,Basic,Standard,8.1,1,83.0,87.3,1.0,Small,25.77,Low
251,56.1,Excellent,77.8,80.9,89.8,Basic,Basic,7.4,2,75.6,99.9,16.8,Large,31.81,Medium
252,88.8,Good,59.8,87.0,78.7,Expert,Military,4.9,1,72.1,89.6,1.0,Medium,45.93,Medium
253,100.0,Poor,69.5,73.4,81.7,Advanced,Basic,6.3,2,81.0,100.0,1.3,Large,43.74,Medium
254,90.5,Good,34.6,82.5,71.7,Advanced,Advanced,7.8,2,88.5,100.0,1.0,Large,53.12,Medium
255,52.2,Excellent,56.1,92.3,85.1,Advanced,Advanced,6.3,0,86.0,100.0,7.9,Startup,17.98,Low
256,67.7,Good,61.8,86.9,93.5,None,Military,7.8,1,69.0,93.3,7.0,Large,25.95,Low
257,94.0,Excellent,59.5,78.0,57.8,Advanced,Standard,8.5,0,80.8,96.1,34.7,Small,29.31,Low
258,64.4,Excellent,73.0,87.7,86.5,Advanced,Advanced,8.9,4,83.6,82.8,17.4,Medium,44.32,Medium
259,81.7,Fair,53.6,93.6,96.0,Advanced,Advanced,5.7,0,56.9,93.9,4.2,Medium,24.03,Low
260,86.6,Fair,92.4,60.4,75.8,Basic,Advanced,10.0,1,78.0,88.1,3.7,Small,27.09,Low
261,61.1,Good,70.0,98.9,92.5,None,Basic,8.7,1,36.1,100.0,2.8,Enterprise,41.11,Medium
262,74.1,Good,69.8,81.0,100.0,None,Standard,7.5,0,83.7,100.0,1.3,Medium,17.6,Low
263,26.4,Excellent,63.4,90.1,80.4,Expert,Standard,9.1,1,86.9,99.0,1.2,Startup,43.44,Medium
264,59.6,Excellent,73.1,99.4,87.9,Basic,Advanced,10.0,0,88.5,79.1,1.1,Enterprise,19.87,Low
265,71.2,Fair,86.5,68.5,70.9,Basic,Standard,5.3,1,67.9,92.1,1.0,Medium,45.78,Medium
266,56.3,Fair,52.7,76.5,84.7,None,Advanced,7.2,0,80.6,96.0,2.2,Medium,33.49,Medium
267,99.5,Excellent,56.8,81.5,88.9,None,Standard,3.9,1,100.0,95.7,2.9,Medium,37.33,Medium
268,53.5,Fair,63.9,75.6,84.9,Advanced,Advanced,7.8,1,100.0,89.2,26.1,Large,15.93,Low
269,68.4,Excellent,43.1,100.0,66.7,Advanced,Military,8.0,1,74.5,97.0,6.9,Startup,32.71,Medium
270,77.0,Good,53.6,74.7,85.1,Advanced,Advanced,7.4,1,77.5,85.1,35.1,Small,25.62,Low
271,96.6,Good,60.5,78.3,100.0,Basic,Standard,6.5,3,95.0,87.4,3.7,Medium,41.56,Medium
272,53.5,Poor,87.5,87.5,88.7,Advanced,Standard,4.4,0,48.0,100.0,4.9,Startup,37.05,Medium
273,92.4,Good,75.3,70.6,96.4,None,Basic,8.1,1,69.2,86.9,3.1,Large,38.79,Medium
274,75.2,Good,73.9,80.3,78.4,None,Standard,9.7,3,99.0,99.3,1.6,Small,49.96,Medium
275,60.3,Good,87.0,88.8,93.2,Basic,Advanced,6.6,3,92.6,84.0,1.2,Small,34.62,Medium
276,81.9,Fair,67.3,81.0,86.2,Basic,Advanced,8.2,0,81.6,100.0,23.2,Startup,16.57,Low
277,78.0,Good,77.8,83.9,67.7,Basic,Military,5.1,1,47.9,88.8,34.6,Large,18.32,Low
278,66.0,Excellent,67.9,78.6,86.8,Advanced,Standard,8.2,2,74.1,93.2,1.0,Large,57.06,Medium
279,76.0,Fair,75.3,66.8,67.1,Advanced,Advanced,6.9,1,64.4,97.6,1.3,Small,65.82,High
280,69.2,Poor,58.3,88.9,72.5,Advanced,Advanced,6.4,0,81.0,90.5,4.4,Medium,27.29,Low
281,76.7,Poor,21.2,100.0,84.8,Basic,Advanced,6.4,0,60.4,96.1,1.6,Small,59.96,Medium
282,84.9,Good,67.3,85.2,86.5,None,Standard,6.9,1,56.5,99.6,3.6,Medium,40.39,Medium
283,98.8,Good,98.5,87.7,64.2,Basic,Advanced,8.1,0,37.8,100.0,1.1,Startup,33.7,Medium
284,56.4,Good,88.5,93.3,97.8,Expert,Advanced,5.5,1,97.0,100.0,4.9,Medium,21.57,Low
285,100.0,Fair,89.3,69.8,90.6,Advanced,Advanced,6.9,1,67.8,93.6,2.5,Medium,53.81,Medium
286,45.7,Fair,94.7,100.0,71.4,Advanced,Military,7.4,0,77.8,93.8,3.5,Enterprise,32.41,Medium
287,72.7,Good,71.8,87.4,58.9,None,Standard,5.9,0,75.0,100.0,1.0,Small,37.76,Medium
288,83.8,Good,73.9,100.0,79.8,Advanced,Basic,10.0,1,55.8,100.0,4.5,Large,29.64,Low
289,79.2,Excellent,57.6,76.2,75.3,None,Advanced,6.2,3,52.3,87.6,32.7,Medium,35.56,Medium
290,65.7,Poor,63.7,100.0,83.7,Advanced,Advanced,6.5,0,56.9,95.8,3.2,Enterprise,39.47,Medium
291,71.9,Good,82.3,94.3,76.6,Expert,Standard,6.0,4,62.0,92.3,16.7,Small,61.09,High
292,67.6,Good,94.1,91.6,51.9,Expert,Advanced,10.0,0,81.6,93.9,14.8,Small,9.92,Low
293,66.2,Good,67.2,87.8,76.2,Advanced,Military,8.3,0,60.7,85.2,24.3,Large,22.41,Low
294,87.7,Good,61.0,82.0,77.4,Basic,Military,6.1,0,100.0,91.7,12.5,Startup,18.69,Low
295,80.4,Good,70.0,99.4,91.5,Expert,Standard,9.2,1,93.5,100.0,8.6,Startup,16.25,Low
296,64.6,Excellent,82.0,86.7,71.5,Advanced,Advanced,7.8,2,89.6,99.6,15.5,Startup,38.41,Medium
297,88.5,Poor,41.1,61.4,100.0,None,Advanced,7.9,2,72.8,75.1,1.0,Large,46.42,Medium
298,79.6,Poor,24.1,71.6,53.3,Basic,Advanced,7.0,0,100.0,100.0,5.0,Startup,26.19,Low
299,87.2,Good,59.0,82.8,100.0,Basic,Advanced,6.4,1,71.1,100.0,36.3,Large,27.8,Low
300,84.4,Good,45.6,88.7,78.6,Basic,Advanced,8.0,0,74.4,92.1,11.7,Medium,15.94,Low
301,62.6,Fair,59.8,84.3,94.9,Basic,Advanced,6.7,1,78.1,100.0,26.2,Startup,19.87,Low
302,66.6,Poor,67.0,99.6,83.2,Advanced,Standard,10.0,1,87.6,88.1,12.1,Medium,17.73,Low
303,86.2,Poor,60.9,61.6,99.1,Basic,Advanced,5.6,2,86.5,91.2,16.6,Small,27.4,Low
304,84.2,Excellent,99.0,86.7,76.2,None,Advanced,9.8,0,66.4,100.0,9.8,Medium,20.42,Low
305,74.7,Fair,76.5,63.2,65.5,Advanced,Standard,7.3,0,65.4,92.8,11.4,Medium,20.55,Low
306,76.8,Fair,76.0,94.1,100.0,Advanced,Military,7.9,1,86.5,80.0,5.9,Medium,24.7,Low
307,94.2,Fair,82.4,83.9,80.3,Advanced,Advanced,8.7,2,87.9,94.5,20.6,Startup,32.54,Medium
308,66.1,Fair,47.2,90.0,85.3,Basic,Advanced,6.6,2,67.9,94.4,13.9,Medium,37.14,Medium
309,83.2,Poor,90.8,74.6,100.0,Expert,Basic,8.8,1,46.4,100.0,14.9,Large,30.85,Medium
310,72.0,Good,68.5,100.0,66.5,Expert,Advanced,3.4,2,71.3,95.1,8.9,Large,30.54,Medium
311,71.7,Poor,83.4,97.5,90.9,Basic,Standard,6.4,1,86.2,91.6,2.9,Large,33.52,Medium
312,91.5,Excellent,48.6,92.0,73.2,None,Basic,6.1,0,100.0,100.0,1.0,Small,25.64,Low
313,87.4,Fair,38.9,83.4,80.0,Advanced,Advanced,5.6,2,53.4,96.0,21.9,Large,36.14,Medium
314,87.2,Good,86.4,92.0,83.1,Advanced,Advanced,7.2,1,67.3,89.0,7.1,Small,23.13,Low
315,94.6,Excellent,77.5,76.5,59.5,Expert,Advanced,8.1,3,68.0,100.0,2.8,Startup,51.77,Medium
316,75.3,Good,52.0,95.3,70.3,Expert,Basic,8.6,1,99.4,96.5,1.3,Large,42.38,Medium
317,85.2,Good,52.6,100.0,100.0,Advanced,Advanced,7.9,1,74.4,95.0,14.2,Enterprise,25.5,Low
318,70.3,Fair,92.5,97.8,95.3,Advanced,Standard,6.5,2,58.7,96.4,14.5,Medium,15.84,Low
319,79.9,Fair,46.2,76.2,81.1,None,Military,8.1,0,85.1,86.4,13.5,Small,13.72,Low
320,73.0,Good,100.0,89.3,85.6,Basic,Advanced,7.7,0,67.7,90.8,8.3,Small,14.62,Low
321,76.5,Excellent,52.0,69.5,77.6,Basic,Advanced,8.9,2,53.0,95.0,3.6,Medium,44.17,Medium
322,83.9,Good,82.8,91.9,100.0,Advanced,Standard,8.7,2,58.9,93.4,2.9,Large,37.75,Medium
323,62.7,Good,63.4,90.4,79.0,Advanced,Basic,7.5,3,100.0,100.0,1.0,Startup,47.46,Medium
324,100.0,Good,82.1,62.6,85.5,Advanced,Military,6.2,0,81.9,96.7,14.3,Large,2.41,Low
325,59.9,Good,59.1,71.1,99.2,Basic,Standard,6.5,1,76.9,100.0,1.0,Small,52.62,Medium
326,56.8,Poor,66.7,81.6,70.3,Advanced,Advanced,6.7,0,70.5,95.1,8.0,Large,6.29,Low
327,92.4,Good,70.8,81.4,100.0,None,Advanced,7.0,1,80.3,100.0,5.6,Enterprise,30.73,Medium
328,86.9,Excellent,50.0,70.5,59.0,Basic,Basic,7.9,1,80.0,98.2,6.0,Medium,35.42,Medium
329,84.4,Fair,84.8,89.7,100.0,Advanced,Advanced,8.6,4,80.3,95.1,20.9,Small,42.25,Medium
330,84.4,Good,59.7,88.0,76.4,Advanced,Advanced,7.4,2,77.1,94.9,1.0,Large,44.25,Medium
331,74.8,Fair,65.4,82.7,78.4,Expert,Standard,7.5,0,90.6,87.4,11.9,Medium,23.46,Low
332,61.5,Good,50.1,75.9,53.6,Basic,Basic,7.7,0,75.4,99.1,1.0,Medium,35.83,Medium
333,76.1,Poor,18.8,97.6,75.2,Basic,Standard,6.7,0,57.4,94.7,1.0,Medium,39.08,Medium
334,64.8,Good,66.2,100.0,66.4,Basic,Advanced,6.1,0,64.0,91.0,4.5,Small,31.92,Medium
335,89.6,Excellent,100.0,79.2,72.9,Basic,Advanced,4.9,0,39.4,100.0,1.0,Large,37.79,Medium
336,72.8,Fair,85.7,77.7,79.9,Expert,Standard,6.5,0,100.0,85.0,12.5,Small,11.75,Low
337,62.6,Good,69.6,90.9,96.4,Advanced,Basic,8.2,0,90.5,91.6,6.0,Enterprise,32.07,Medium
338,70.2,Excellent,64.7,80.7,85.1,Expert,Advanced,6.4,1,60.1,100.0,1.0,Small,37.32,Medium
339,81.2,Excellent,70.4,83.3,86.6,Basic,Advanced,7.1,1,69.9,97.5,1.0,Large,35.77,Medium
340,66.5,Fair,80.9,93.9,65.6,Expert,Advanced,8.2,4,63.5,94.6,7.6,Small,46.56,Medium
341,62.7,Fair,46.4,62.1,68.8,None,Standard,8.3,4,100.0,97.0,13.1,Small,51.07,Medium
342,78.7,Fair,92.3,100.0,100.0,Expert,Standard,5.9,1,49.4,96.4,4.6,Small,38.49,Medium
343,78.7,Excellent,84.3,85.9,71.0,Basic,Advanced,9.0,1,77.1,82.9,6.5,Large,33.23,Medium
344,67.4,Excellent,84.4,80.1,100.0,Basic,Military,9.2,1,73.0,92.2,12.9,Medium,26.28,Low
345,67.9,Good,78.8,83.9,78.4,Advanced,Standard,5.8,0,89.9,100.0,7.5,Large,5.63,Low
346,78.5,Excellent,70.4,84.5,82.0,Expert,Advanced,6.3,2,73.1,89.7,2.0,Small,51.73,Medium
347,53.3,Good,83.5,64.2,98.1,None,Advanced,9.3,0,43.4,92.5,7.6,Medium,22.27,Low
348,53.9,Good,81.8,100.0,100.0,Basic,Advanced,7.3,0,70.5,90.7,7.9,Large,11.39,Low
349,64.2,Poor,62.9,85.5,80.3,Expert,Standard,4.2,3,57.5,94.3,10.6,Small,40.22,Medium
350,71.8,Excellent,58.5,90.3,76.2,Basic,Advanced,5.4,2,76.4,90.3,7.8,Medium,45.25,Medium
351,79.7,Poor,72.0,96.4,81.2,None,Advanced,7.1,1,100.0,98.9,27.9,Medium,13.05,Low
352,97.1,Excellent,100.0,72.7,87.1,Basic,Advanced,5.8,2,43.7,96.6,1.8,Small,44.72,Medium
353,87.9,Excellent,45.2,90.7,95.4,Basic,Standard,6.9,0,60.6,100.0,24.1,Small,12.54,Low
354,72.6,Good,40.6,81.8,82.1,Expert,Standard,7.5,0,65.1,86.6,6.2,Medium,29.27,Low
355,74.7,Poor,73.3,95.2,91.3,Advanced,Basic,9.7,1,68.1,92.3,8.9,Small,18.56,Low
356,60.0,Fair,71.0,59.5,100.0,Advanced,Advanced,7.1,0,88.3,93.2,1.0,Large,51.06,Medium
357,74.7,Fair,73.5,83.8,87.7,Expert,Standard,9.1,3,71.9,98.6,3.8,Enterprise,42.2,Medium
358,70.7,Fair,74.9,77.8,86.7,Basic,Advanced,9.6,4,82.5,88.7,11.7,Medium,60.47,High
359,79.8,Poor,65.5,90.2,59.2,None,Standard,9.7,1,63.7,100.0,9.8,Medium,29.06,Low
360,62.6,Excellent,99.8,90.6,42.5,Basic,Advanced,7.9,0,79.1,100.0,1.0,Startup,31.31,Medium
361,82.8,Good,38.0,76.5,87.8,Basic,Advanced,4.6,1,89.0,87.1,6.3,Large,32.23,Medium
362,98.0,Fair,53.4,76.5,80.6,None,Standard,8.2,3,61.8,91.1,1.0,Small,68.01,High
363,73.4,Fair,67.9,83.7,74.3,Expert,Standard,9.1,1,89.1,90.7,43.9,Medium,31.21,Medium
364,81.0,Good,37.1,74.2,85.7,Advanced,Standard,7.4,2,75.9,100.0,18.2,Enterprise,33.34,Medium
365,85.4,Good,66.5,95.1,81.1,Basic,Advanced,10.0,1,93.8,91.6,1.0,Medium,42.63,Medium
366,69.0,Good,100.0,80.6,98.9,Advanced,Advanced,8.8,0,71.4,100.0,15.7,Large,9.02,Low
367,78.4,Excellent,70.4,50.1,83.3,Advanced,Standard,8.4,0,81.9,84.9,20.1,Medium,26.34,Low
368,75.2,Good,74.6,80.5,70.8,Expert,Advanced,9.1,2,74.3,87.1,3.5,Startup,46.28,Medium
369,76.5,Excellent,44.8,72.5,96.9,Expert,Standard,8.0,1,73.3,89.5,10.2,Large,41.25,Medium
370,63.4,Excellent,57.7,65.4,78.7,Advanced,Standard,3.8,1,79.7,88.2,4.7,Startup,34.46,Medium
371,75.4,Fair,62.5,70.2,89.9,Advanced,Basic,6.8,0,84.7,92.9,8.5,Large,26.05,Low
372,82.5,Excellent,63.6,86.3,74.8,Advanced,Advanced,9.3,3,52.5,89.3,3.3,Startup,66.09,High
373,96.8,Poor,95.6,100.0,72.3,Advanced,Standard,6.3,1,100.0,88.4,3.1,Large,18.66,Low
374,89.4,Excellent,81.2,88.8,83.3,None,Standard,7.2,0,41.5,100.0,4.4,Small,21.57,Low
375,100.0,Fair,47.8,77.7,82.2,None,Standard,5.9,1,62.7,100.0,1.3,Medium,56.45,Medium
376,63.5,Excellent,74.9,90.5,89.2,Advanced,Standard,10.0,0,73.3,100.0,14.2,Medium,5.78,Low
377,88.1,Excellent,80.0,79.5,78.0,Basic,Advanced,10.0,0,82.4,99.2,3.4,Medium,18.89,Low
378,77.8,Excellent,92.8,76.7,54.5,None,Basic,6.2,0,100.0,95.7,4.1,Small,28.75,Low
379,100.0,Excellent,100.0,71.1,75.5,Advanced,Standard,7.7,2,41.6,91.0,18.0,Medium,36.73,Medium
380,62.9,Fair,49.7,64.0,93.9,None,Advanced,6.5,0,65.9,87.4,5.5,Small,33.04,Medium
381,62.4,Poor,53.8,80.3,77.5,Advanced,Standard,8.4,0,36.7,97.9,6.3,Medium,28.53,Low
382,66.0,Good,44.8,86.9,78.3,Advanced,Advanced,8.3,1,75.6,85.6,25.1,Small,21.12,Low
383,43.1,Fair,65.3,83.8,96.8,Expert,Advanced,8.7,1,79.9,87.0,17.4,Medium,29.51,Low
384,67.1,Good,79.3,80.0,71.3,Basic,Standard,8.0,0,100.0,100.0,1.5,Small,33.83,Medium
385,63.6,Fair,89.7,73.7,58.9,None,Advanced,10.0,2,77.2,100.0,5.1,Enterprise,41.3,Medium
386,77.3,Excellent,68.5,92.3,79.6,Advanced,Standard,6.0,3,93.8,98.1,28.4,Medium,41.4,Medium
387,80.1,Good,63.6,69.2,74.7,Advanced,Advanced,4.9,2,85.5,100.0,3.7,Small,39.44,Medium
388,100.0,Excellent,73.0,94.3,67.5,Expert,Advanced,6.9,1,67.2,93.0,3.7,Medium,38.41,Medium
389,89.3,Poor,53.3,73.0,79.4,Basic,Standard,5.1,0,49.6,84.3,1.7,Large,43.53,Medium
390,66.3,Excellent,100.0,76.0,89.4,Basic,Advanced,5.3,0,80.0,99.9,1.0,Startup,21.28,Low
391,61.5,Excellent,37.8,67.4,81.9,Expert,Advanced,6.0,0,48.1,99.6,10.8,Medium,36.07,Medium
392,82.4,Good,73.7,79.0,86.6,None,Military,6.1,2,98.3,95.6,11.8,Medium,23.3,Low
393,55.2,Good,100.0,96.7,100.0,Advanced,Advanced,6.1,0,72.1,93.1,27.8,Small,20.04,Low
394,100.0,Excellent,70.1,91.2,76.9,Basic,Advanced,8.3,2,96.5,100.0,11.9,Large,30.82,Medium
395,92.7,Fair,66.2,96.7,86.2,None,Standard,6.7,3,66.4,87.1,2.2,Small,50.51,Medium
396,68.0,Good,62.9,91.3,74.4,Basic,Standard,7.2,2,79.8,88.8,1.0,Small,53.07,Medium
397,49.3,Fair,66.4,71.8,69.3,Basic,Advanced,8.8,0,78.8,86.9,33.8,Large,22.9,Low
398,95.3,Poor,97.5,81.0,73.2,Advanced,Standard,6.4,0,74.2,95.7,3.3,Medium,35.65,Medium
399,73.3,Fair,25.8,75.6,74.8,Expert,Military,7.1,0,67.2,86.3,3.0,Large,53.28,Medium
400,93.6,Poor,100.0,100.0,87.4,Basic,Standard,8.0,2,82.1,89.5,18.9,Medium,20.28,Low
401,51.1,Poor,41.5,70.6,100.0,Advanced,Standard,4.6,0,58.3,89.4,7.0,Large,20.04,Low
402,66.0,Poor,64.7,95.7,71.3,None,Standard,3.9,3,53.2,92.9,1.9,Large,53.41,Medium
403,75.1,Excellent,61.4,95.7,75.8,Advanced,Advanced,8.0,1,97.4,83.1,17.6,Startup,22.2,Low
404,75.7,Good,81.8,100.0,81.1,None,Advanced,8.2,1,88.1,95.7,40.1,Large,19.38,Low
405,68.2,Excellent,38.0,80.1,87.9,Expert,Advanced,10.0,1,76.2,100.0,1.0,Medium,43.23,Medium
406,84.3,Good,79.2,93.5,86.0,Advanced,Standard,7.7,1,100.0,96.1,15.9,Startup,19.07,Low
407,59.0,Fair,100.0,100.0,100.0,Advanced,Advanced,8.7,1,70.2,100.0,4.0,Medium,42.05,Medium
408,72.9,Good,42.7,77.6,45.6,Advanced,Basic,7.2,1,98.8,100.0,5.9,Startup,30.15,Medium
409,76.8,Good,73.8,66.6,46.2,Advanced,Advanced,7.9,0,78.2,100.0,19.7,Large,20.22,Low
410,82.7,Poor,56.8,62.4,74.6,Expert,Advanced,10.0,0,56.6,95.6,29.0,Medium,33.76,Medium
411,85.7,Good,78.5,93.6,98.5,Advanced,Standard,4.3,2,100.0,95.2,2.4,Enterprise,39.19,Medium
412,58.1,Fair,70.4,62.4,58.5,Expert,Advanced,8.1,2,92.8,100.0,1.9,Small,58.41,Medium
413,52.0,Good,57.2,80.5,40.0,Advanced,Advanced,10.0,1,72.8,91.9,1.0,Medium,54.07,Medium
414,94.2,Good,79.8,90.2,90.6,None,Basic,7.9,2,88.1,79.9,6.6,Small,39.19,Medium
415,80.0,Fair,100.0,87.2,85.7,Advanced,Advanced,10.0,1,67.7,98.9,1.0,Medium,36.53,Medium
416,63.8,Poor,66.2,90.1,65.6,None,Advanced,6.6,0,89.9,86.0,4.2,Large,22.05,Low
417,98.3,Excellent,84.4,87.7,67.2,Advanced,Standard,7.5,1,32.0,87.3,1.0,Large,41.47,Medium
418,76.7,Good,44.1,100.0,67.5,Basic,Standard,7.6,0,56.6,95.0,4.2,Large,27.32,Low
419,92.7,Poor,50.9,73.6,83.7,Advanced,Advanced,4.2,1,92.6,94.2,1.0,Large,51.89,Medium
420,76.0,Excellent,79.4,76.9,72.6,None,Advanced,5.7,3,70.5,83.7,14.4,Startup,33.32,Medium
421,100.0,Poor,99.7,75.7,89.4,None,Advanced,5.9,0,78.7,96.3,1.9,Small,16.76,Low
422,100.0,Good,77.1,95.0,40.0,Basic,Advanced,8.7,1,50.8,100.0,3.2,Medium,46.62,Medium
423,71.3,Excellent,63.7,95.8,69.1,Expert,Advanced,8.8,1,100.0,86.0,16.3,Medium,19.52,Low
424,89.6,Fair,70.0,90.4,65.1,Basic,Military,8.0,0,96.4,100.0,11.0,Small,10.2,Low
425,84.7,Poor,45.0,99.2,78.2,Basic,Advanced,8.7,0,71.4,82.5,2.0,Medium,27.62,Low
426,95.5,Poor,82.1,70.9,73.9,Advanced,Advanced,7.3,1,67.7,100.0,1.0,Medium,32.51,Medium
427,60.5,Fair,87.6,100.0,94.0,Advanced,Standard,9.3,0,93.5,91.7,10.1,Small,15.42,Low
428,85.3,Poor,61.0,100.0,54.1,Basic,Standard,7.5,2,100.0,96.2,4.0,Large,40.58,Medium
429,90.9,Good,60.6,93.8,82.7,Basic,Standard,7.6,0,92.2,79.9,11.6,Medium,22.71,Low
430,48.6,Poor,75.3,100.0,90.4,Basic,Advanced,7.1,3,100.0,94.5,4.7,Startup,47.75,Medium
431,57.3,Good,61.3,65.1,100.0,Expert,Advanced,8.5,1,58.4,96.8,3.4,Startup,42.34,Medium
432,44.4,Excellent,68.7,78.7,74.8,None,Basic,6.9,0,60.3,94.3,4.8,Large,35.59,Medium
433,71.0,Excellent,100.0,76.2,86.9,Basic,Basic,9.0,3,53.6,90.5,11.0,Enterprise,31.35,Medium
434,85.8,Good,65.1,93.7,54.9,None,Advanced,5.8,0,83.0,87.4,18.6,Medium,6.68,Low
435,97.5,Fair,62.8,72.4,46.1,Basic,Standard,5.9,3,78.2,100.0,1.0,Small,65.26,High
436,76.1,Good,57.0,94.1,94.7,Advanced,Advanced,8.5,0,72.3,95.2,5.9,Enterprise,12.79,Low
437,99.4,Good,84.9,100.0,81.9,Basic,Advanced,7.4,1,89.6,100.0,1.0,Medium,29.62,Low
438,54.3,Good,66.4,93.3,99.7,None,Advanced,6.8,3,97.2,90.8,5.1,Large,47.04,Medium
439,49.4,Poor,57.0,88.4,61.4,Basic,Standard,8.8,1,47.5,91.5,17.3,Large,34.85,Medium
440,74.2,Excellent,96.4,73.1,89.8,None,Standard,6.6,1,64.3,100.0,3.6,Small,41.39,Medium
441,80.8,Good,98.4,74.8,100.0,None,Advanced,7.2,1,89.8,82.0,21.6,Medium,20.36,Low
442,74.5,Fair,58.0,100.0,88.3,Advanced,Military,9.6,1,66.6,85.3,8.0,Small,12.03,Low
443,44.0,Fair,32.7,94.4,86.1,Advanced,Advanced,9.8,0,60.6,100.0,21.8,Small,25.93,Low
444,73.7,Good,90.2,84.5,82.1,Expert,Standard,9.9,1,93.3,85.6,11.3,Large,18.84,Low
445,55.4,Excellent,56.3,80.0,58.4,Expert,Advanced,7.1,2,51.8,80.4,1.0,Large,65.23,High
446,85.0,Good,85.8,60.7,100.0,Advanced,Military,9.3,1,69.6,100.0,2.1,Large,33.46,Medium
447,80.5,Excellent,30.6,72.1,72.8,None,Advanced,6.1,0,80.9,83.8,4.0,Medium,33.85,Medium
448,60.9,Poor,87.9,100.0,89.6,Advanced,Military,6.1,2,64.7,96.5,1.5,Startup,46.01,Medium
449,67.3,Good,45.8,69.6,58.6,Advanced,Basic,4.0,1,89.1,95.6,5.5,Startup,49.95,Medium
450,59.1,Good,84.6,87.3,64.3,Advanced,Standard,10.0,1,64.8,72.5,5.1,Small,47.38,Medium
451,74.1,Poor,70.3,97.1,100.0,Advanced,Advanced,6.2,3,100.0,92.9,25.0,Medium,19.71,Low
452,89.3,Fair,50.9,69.9,76.8,Basic,Advanced,7.3,1,72.7,98.6,4.5,Medium,34.33,Medium
453,60.2,Excellent,61.9,87.2,100.0,Advanced,Standard,6.1,1,87.1,97.8,12.3,Startup,9.64,Low
454,82.6,Poor,83.7,96.3,80.8,Advanced,Standard,8.5,1,88.4,100.0,22.8,Enterprise,10.2,Low
455,67.0,Good,72.1,85.1,54.4,Expert,Advanced,6.9,1,63.7,91.9,16.8,Small,29.59,Low
456,63.1,Fair,81.7,100.0,95.4,None,Basic,5.5,1,38.0,100.0,1.9,Large,38.33,Medium
457,73.4,Poor,100.0,65.0,73.2,Basic,Standard,8.2,2,81.5,89.5,5.5,Medium,53.01,Medium
458,59.5,Fair,38.7,97.7,92.5,Basic,Advanced,5.3,1,76.3,83.7,3.4,Startup,26.17,Low
459,66.7,Excellent,100.0,82.9,82.4,Advanced,Advanced,6.2,1,85.0,84.6,4.1,Large,38.95,Medium
460,57.0,Excellent,72.1,94.3,58.9,None,Advanced,4.3,2,70.9,83.3,3.6,Large,40.86,Medium
461,100.0,Excellent,52.0,90.3,84.5,None,Standard,5.4,0,67.3,100.0,14.0,Medium,7.67,Low
462,75.5,Good,43.4,76.2,100.0,Expert,Advanced,7.8,0,100.0,82.9,4.8,Medium,19.08,Low
463,64.5,Poor,66.2,87.7,89.4,None,Advanced,4.6,1,48.5,97.2,5.9,Startup,39.04,Medium
464,78.2,Good,88.4,62.7,81.1,Advanced,Advanced,5.3,1,88.2,92.9,32.3,Medium,31.54,Medium
465,73.3,Good,67.4,92.2,98.1,Basic,Advanced,7.5,1,64.7,94.2,1.0,Enterprise,49.3,Medium
466,71.7,Excellent,100.0,88.6,85.2,Advanced,Standard,6.7,1,69.0,100.0,5.4,Startup,24.39,Low
467,84.2,Poor,41.0,92.7,85.1,Advanced,Basic,10.0,3,69.3,91.5,11.9,Small,40.58,Medium
468,86.4,Good,69.8,97.7,65.6,Expert,Standard,10.0,0,60.5,99.9,1.3,Enterprise,38.36,Medium
469,67.0,Fair,45.0,89.4,85.5,Expert,Standard,6.2,3,85.3,95.3,7.6,Small,45.3,Medium
470,66.4,Fair,77.3,86.8,97.5,None,Advanced,8.3,1,100.0,93.8,2.2,Medium,24.88,Low
471,70.9,Good,87.7,74.4,69.5,None,Advanced,8.6,2,83.5,100.0,16.2,Medium,22.2,Low
472,40.5,Good,61.6,76.5,100.0,Basic,Advanced,6.6,1,76.9,83.5,3.2,Medium,43.39,Medium
473,52.3,Fair,17.9,99.2,80.6,Advanced,Advanced,5.3,1,57.2,100.0,3.2,Medium,45.41,Medium
474,95.5,Fair,74.0,100.0,68.7,Expert,Standard,7.5,1,84.3,100.0,7.3,Small,25.73,Low
475,99.7,Good,78.7,82.1,97.0,Basic,Advanced,7.2,2,100.0,91.2,1.6,Startup,41.6,Medium
476,71.3,Excellent,78.1,85.6,77.7,Advanced,Standard,6.8,0,68.1,100.0,2.7,Large,30.4,Medium
477,83.6,Excellent,94.7,74.1,93.4,None,Standard,8.2,1,68.2,80.2,4.3,Large,23.47,Low
478,79.7,Excellent,48.6,99.1,77.6,Advanced,Basic,6.4,1,64.9,90.8,3.5,Medium,30.91,Medium
479,100.0,Excellent,83.6,93.0,81.1,Expert,Advanced,5.8,1,66.2,85.3,6.0,Medium,23.67,Low
480,91.8,Fair,93.9,100.0,89.4,Basic,Military,7.7,0,25.6,98.3,7.3,Small,36.38,Medium
481,73.1,Good,34.4,74.5,86.4,Basic,Standard,8.1,0,82.3,86.1,6.7,Startup,26.82,Low
482,60.7,Good,76.4,80.5,52.1,None,Basic,5.7,1,59.8,98.5,8.5,Large,32.69,Medium
483,50.9,Fair,59.9,87.8,65.2,Advanced,Advanced,8.9,3,46.0,93.5,2.9,Medium,67.28,High
484,78.1,Excellent,68.4,92.8,95.9,Advanced,Standard,4.8,0,88.6,91.2,1.1,Small,28.31,Low
485,63.7,Poor,77.0,82.4,80.0,None,Advanced,6.6,1,55.5,98.1,11.4,Startup,28.63,Low
486,53.7,Excellent,60.3,74.5,74.1,Basic,Advanced,7.1,1,68.9,92.9,15.2,Startup,34.8,Medium
487,65.3,Good,56.5,95.6,61.6,Basic,Military,6.5,1,100.0,86.3,2.4,Small,34.09,Medium
488,58.8,Good,70.7,93.7,65.8,Advanced,Advanced,6.7,1,49.6,100.0,4.2,Large,43.69,Medium
489,100.0,Good,48.3,74.0,51.7,Advanced,Advanced,10.0,1,47.4,91.1,5.5,Enterprise,43.68,Medium
490,88.2,Excellent,48.3,100.0,80.5,None,Advanced,6.2,2,79.8,77.3,6.1,Large,51.72,Medium
491,74.9,Good,83.6,99.0,73.0,Advanced,Advanced,10.0,2,95.7,88.3,8.6,Enterprise,28.12,Low
492,97.2,Good,47.0,86.6,67.5,Advanced,Advanced,8.2,1,46.7,84.9,1.0,Enterprise,49.9,Medium
493,76.2,Poor,83.3,86.0,81.0,Basic,Standard,7.6,1,82.3,100.0,10.2,Medium,24.93,Low
494,62.1,Good,79.3,91.6,87.5,None,Advanced,8.2,2,85.5,97.6,1.0,Small,43.42,Medium
495,97.8,Fair,35.5,74.7,100.0,Advanced,Advanced,10.0,1,37.9,98.2,5.1,Large,38.68,Medium
496,83.1,Good,56.4,85.4,59.3,Expert,Advanced,6.0,0,89.4,92.0,14.1,Small,27.66,Low
497,59.4,Good,93.9,59.2,99.4,Basic,Advanced,5.8,5,90.8,92.8,4.8,Small,54.44,Medium
498,72.1,Good,50.4,95.5,96.6,Basic,Advanced,6.4,2,69.4,92.0,1.3,Small,45.86,Medium
499,61.9,Poor,60.7,66.3,70.3,None,Standard,7.5,2,97.5,94.4,33.6,Medium,39.93,Medium
500,54.3,Poor,79.2,100.0,85.0,Advanced,Advanced,4.9,2,95.5,100.0,17.6,Small,21.63,Low
501,88.9,Good,85.7,81.0,75.1,None,Advanced,7.5,2,76.9,97.7,11.8,Small,23.13,Low
502,100.0,Poor,65.0,82.5,84.8,Basic,Advanced,10.0,3,66.9,99.0,4.2,Medium,73.81,High
503,54.0,Poor,58.0,77.5,100.0,Advanced,Military,7.7,1,57.5,99.0,1.6,Large,33.71,Medium
504,83.4,Poor,98.4,81.5,91.1,Advanced,Basic,7.1,2,74.3,100.0,22.7,Medium,38.9,Medium
505,65.2,Excellent,100.0,100.0,89.6,Basic,Advanced,6.6,0,85.3,97.3,6.1,Large,20.03,Low
506,67.7,Good,89.6,55.1,75.5,Basic,Basic,8.8,5,69.2,97.9,15.3,Small,71.34,High
507,66.1,Fair,71.7,100.0,59.7,Advanced,Standard,6.3,1,35.4,100.0,3.3,Small,39.46,Medium
508,62.0,Fair,53.8,89.1,78.9,None,Advanced,10.0,2,97.8,89.7,3.3,Medium,46.49,Medium
509,75.7,Fair,53.4,70.5,100.0,None,Standard,10.0,1,78.4,88.2,33.9,Medium,30.72,Medium
510,62.5,Excellent,80.5,72.1,59.1,Expert,Advanced,7.9,0,68.2,85.5,5.9,Medium,31.22,Medium
511,79.1,Good,78.4,100.0,66.2,None,Basic,7.5,0,90.4,96.5,1.2,Large,18.09,Low
512,74.2,Fair,98.0,73.7,83.9,Advanced,Standard,9.0,0,100.0,80.2,2.0,Large,26.06,Low
513,71.4,Fair,83.0,71.2,67.2,Expert,Advanced,9.1,0,24.6,98.7,5.3,Enterprise,36.82,Medium
514,61.4,Poor,39.9,98.6,70.1,Basic,Advanced,6.3,1,82.8,94.1,1.0,Small,47.36,Medium
515,66.3,Good,91.0,89.1,75.6,Basic,Military,6.7,0,49.3,100.0,5.0,Small,25.73,Low
516,86.3,Excellent,50.0,73.7,61.5,Advanced,Advanced,5.5,2,84.0,89.6,4.3,Medium,43.72,Medium
517,82.5,Fair,62.3,87.6,67.4,Expert,Advanced,8.1,2,77.3,93.4,12.1,Startup,31.58,Medium
518,60.3,Poor,75.0,72.7,92.6,Expert,Standard,8.5,0,86.4,100.0,3.5,Small,42.27,Medium
519,76.5,Poor,100.0,98.2,62.4,Advanced,Basic,5.5,3,66.0,100.0,32.4,Small,35.74,Medium
520,86.3,Excellent,100.0,97.7,58.0,None,Standard,6.8,1,41.3,89.6,1.6,Small,47.46,Medium
521,50.0,Fair,82.1,91.4,72.5,Advanced,Advanced,5.5,0,66.9,96.5,7.2,Startup,19.42,Low
522,83.2,Excellent,66.3,89.3,93.0,Basic,Advanced,6.2,1,82.3,97.4,1.0,Startup,32.34,Medium
523,65.1,Good,80.7,100.0,79.0,Basic,Advanced,8.3,1,93.3,98.0,10.6,Medium,21.88,Low
524,83.6,Fair,87.8,85.0,75.0,None,Advanced,6.4,1,53.9,92.9,42.0,Medium,21.46,Low
525,63.6,Fair,63.6,70.8,82.7,None,Advanced,7.0,1,93.5,100.0,13.7,Large,19.64,Low
526,47.9,Poor,100.0,90.4,55.8,Advanced,Basic,5.1,1,63.3,79.9,6.5,Medium,33.9,Medium
527,50.6,Good,74.6,100.0,89.4,Basic,Standard,7.8,0,81.5,91.6,5.3,Startup,13.66,Low
528,75.7,Excellent,80.0,72.8,87.8,Basic,Advanced,7.4,2,65.8,98.6,14.4,Small,23.23,Low
529,78.9,Good,83.3,80.7,75.9,Basic,Advanced,6.4,1,78.3,98.7,22.0,Startup,29.1,Low
530,61.4,Good,78.4,90.0,97.1,Expert,Advanced,7.2,1,91.1,100.0,36.2,Large,19.75,Low
531,84.6,Poor,86.8,84.4,65.1,Advanced,Standard,7.8,1,52.9,100.0,4.0,Large,41.47,Medium
532,50.1,Excellent,57.7,73.2,98.9,Basic,Military,6.3,3,62.8,92.7,37.6,Small,47.4,Medium
533,74.0,Excellent,58.8,98.5,84.3,None,Standard,5.3,1,78.3,100.0,1.4,Small,32.62,Medium
534,56.8,Fair,48.0,100.0,77.0,Basic,Basic,10.0,3,100.0,89.3,2.3,Enterprise,63.27,High
535,65.2,Excellent,78.8,87.4,81.7,Expert,Military,6.6,4,59.5,100.0,1.0,Medium,57.62,Medium
536,75.7,Good,85.6,74.2,80.4,Advanced,Standard,7.4,0,100.0,100.0,2.5,Large,27.02,Low
537,62.1,Good,79.2,66.4,100.0,Advanced,Advanced,9.0,1,100.0,100.0,11.7,Small,30.41,Medium
538,69.2,Good,100.0,88.1,65.8,Advanced,Standard,10.0,1,73.2,95.8,15.3,Small,14.9,Low
539,90.1,Excellent,69.9,98.2,70.6,Basic,Advanced,5.6,3,69.6,92.3,12.1,Large,47.48,Medium
540,66.3,Good,83.4,90.7,97.5,Advanced,Military,8.2,1,62.5,82.8,8.0,Medium,27.04,Low
541,87.5,Poor,48.2,85.0,73.1,Advanced,Standard,6.4,1,73.8,97.5,5.8,Medium,29.55,Low
542,58.1,Fair,62.3,77.9,95.5,None,Advanced,6.7,1,49.7,86.1,9.9,Medium,39.76,Medium
543,82.9,Excellent,83.9,71.9,100.0,None,Standard,6.4,2,73.6,88.7,4.0,Medium,44.53,Medium
544,96.6,Fair,87.0,95.0,76.0,Advanced,Advanced,5.8,2,100.0,85.5,14.7,Large,31.72,Medium
545,37.9,Fair,64.1,96.0,92.2,Expert,Standard,7.4,0,64.0,91.3,9.0,Small,29.04,Low
546,63.0,Good,68.6,66.5,64.7,Basic,Standard,5.3,1,70.7,94.8,9.6,Small,22.79,Low
547,83.7,Good,39.6,100.0,93.3,Expert,Standard,8.9,0,44.4,97.2,6.1,Large,26.49,Low
548,72.0,Good,62.9,91.9,85.0,Advanced,Standard,7.6,2,81.7,90.2,17.3,Small,31.19,Medium
549,80.6,Excellent,87.8,100.0,89.1,Basic,Military,8.1,0,79.8,100.0,2.3,Medium,26.33,Low
550,65.9,Fair,81.5,68.9,72.3,None,Standard,6.8,1,76.1,93.3,3.8,Large,43.16,Medium
551,76.3,Poor,80.0,68.6,57.1,None,Standard,6.9,2,71.1,88.7,12.0,Enterprise,39.6,Medium
552,72.7,Fair,71.0,83.2,89.5,Advanced,Advanced,7.9,0,69.7,96.8,5.4,Medium,24.6,Low
553,92.5,Excellent,70.1,91.0,51.0,None,Standard,5.8,0,84.0,100.0,17.6,Medium,23.22,Low
554,78.8,Good,56.8,100.0,77.2,Basic,Advanced,7.0,0,74.5,97.7,3.4,Large,39.5,Medium
555,80.1,Fair,84.0,93.5,96.1,Advanced,Military,6.2,0,80.7,92.1,3.7,Large,31.3,Medium
556,68.8,Excellent,78.4,82.1,84.9,Advanced,Advanced,6.2,1,78.9,82.8,17.6,Large,25.78,Low
557,67.7,Excellent,79.8,72.7,100.0,None,Advanced,4.3,2,95.2,93.2,5.0,Medium,37.07,Medium
558,68.5,Excellent,59.5,99.8,97.4,Basic,Advanced,9.5,0,87.2,96.9,5.8,Small,45.41,Medium
559,80.9,Excellent,26.9,73.4,72.2,Basic,Standard,6.5,0,78.5,91.9,3.2,Medium,44.14,Medium
560,68.7,Fair,91.9,100.0,82.4,Advanced,Advanced,9.2,0,100.0,81.7,2.6,Large,16.71,Low
561,79.3,Excellent,60.4,81.6,81.3,Advanced,Advanced,9.1,1,82.6,88.2,8.5,Large,21.64,Low
562,100.0,Good,52.7,100.0,58.3,None,Advanced,5.6,2,98.5,100.0,1.0,Startup,50.52,Medium
563,88.1,Excellent,83.9,93.1,67.9,Advanced,Advanced,5.9,2,85.9,100.0,16.9,Medium,21.24,Low
564,70.1,Good,62.2,83.4,73.6,Advanced,Advanced,10.0,0,41.8,87.9,12.1,Medium,23.47,Low
565,93.0,Excellent,91.2,78.8,51.5,Advanced,Military,10.0,1,98.5,100.0,1.7,Enterprise,31.28,Medium
566,68.9,Good,82.3,80.9,82.7,Advanced,Advanced,7.5,1,77.4,85.6,9.5,Medium,34.06,Medium
567,44.4,Fair,83.7,90.1,78.3,Basic,Advanced,7.9,2,74.1,100.0,7.4,Medium,48.41,Medium
568,59.9,Good,42.7,85.9,56.9,None,Advanced,6.6,2,80.1,97.0,1.6,Startup,63.02,High
569,46.9,Excellent,94.2,77.9,88.1,Advanced,Standard,8.1,2,68.8,100.0,2.6,Medium,39.25,Medium
570,69.7,Excellent,75.2,83.0,92.7,Advanced,Military,6.4,2,79.1,81.3,4.2,Startup,45.85,Medium
571,75.3,Poor,62.6,85.9,85.4,Advanced,Advanced,4.5,0,64.3,100.0,9.6,Large,25.65,Low
572,100.0,Fair,72.9,59.5,77.1,Basic,Basic,5.5,1,97.9,94.9,8.1,Large,24.69,Low
573,79.9,Poor,34.5,90.5,90.9,Expert,Standard,7.5,3,73.0,100.0,6.1,Medium,36.82,Medium
574,71.7,Good,78.2,73.2,92.2,Advanced,Advanced,5.8,1,68.1,100.0,11.7,Medium,18.65,Low
575,87.4,Excellent,49.4,71.2,86.6,None,Basic,7.4,1,58.4,95.5,11.3,Large,12.27,Low
576,41.8,Fair,42.9,64.8,69.6,Basic,Basic,5.9,1,79.8,90.2,7.7,Small,28.24,Low
577,78.5,Good,39.6,63.5,86.1,Advanced,Advanced,6.3,0,78.4,100.0,12.4,Small,22.12,Low
578,86.6,Excellent,92.3,68.7,99.9,Advanced,Standard,8.8,4,82.0,94.5,3.3,Enterprise,53.0,Medium
579,52.8,Good,57.4,76.5,73.1,Basic,Advanced,7.9,2,56.5,88.0,17.0,Large,62.11,High
580,92.2,Good,100.0,100.0,100.0,Expert,Standard,7.5,0,46.2,87.6,7.6,Large,13.06,Low
581,80.1,Good,59.3,78.7,74.1,Basic,Standard,8.8,1,86.3,83.2,13.8,Small,33.63,Medium
582,68.8,Good,35.9,87.1,82.5,Basic,Advanced,8.2,2,100.0,90.9,6.3,Startup,35.3,Medium
583,84.5,Fair,47.7,89.8,71.9,Expert,Advanced,9.7,1,56.5,100.0,2.0,Startup,52.08,Medium
584,100.0,Good,94.7,86.6,85.3,Expert,Standard,6.8,1,100.0,96.4,6.3,Small,21.1,Low
585,77.7,Good,66.9,84.1,55.9,Advanced,Standard,6.9,1,80.1,90.8,3.7,Large,29.03,Low
586,78.7,Excellent,59.0,70.7,73.8,Expert,Advanced,5.5,1,74.9,100.0,9.6,Small,28.98,Low
587,68.1,Good,73.2,100.0,65.6,None,Basic,6.9,0,67.8,88.3,5.2,Large,35.83,Medium
588,62.3,Excellent,80.0,100.0,84.0,Expert,Standard,8.9,0,50.1,95.8,14.5,Small,14.86,Low
589,87.5,Fair,92.3,64.8,96.9,Basic,Basic,9.4,2,92.8,93.6,9.1,Small,40.34,Medium
590,62.2,Good,99.0,72.7,91.7,None,Advanced,8.9,3,61.0,100.0,9.2,Enterprise,49.55,Medium
591,76.1,Poor,62.8,81.6,46.4,Basic,Advanced,4.8,0,61.0,82.4,2.0,Small,47.66,Medium
592,67.8,Fair,43.5,73.4,100.0,Basic,Advanced,9.1,2,92.9,88.2,33.2,Small,35.24,Medium
593,82.2,Good,61.7,91.1,86.4,Basic,Advanced,4.7,2,41.1,81.9,14.7,Small,35.55,Medium
594,80.0,Excellent,75.2,76.3,70.4,Basic,Advanced,8.8,3,47.6,92.9,12.4,Startup,43.93,Medium
595,90.6,Poor,50.7,100.0,84.4,None,Advanced,6.9,1,74.7,100.0,3.2,Medium,34.45,Medium
596,67.3,Good,50.9,99.3,84.6,Basic,Advanced,8.6,1,80.3,91.0,6.1,Small,36.86,Medium
597,71.0,Excellent,76.9,87.6,72.0,Advanced,Basic,5.5,2,83.7,90.9,1.2,Medium,56.25,Medium
598,60.3,Fair,69.0,97.3,85.0,Basic,Advanced,9.3,2,69.6,100.0,6.2,Large,43.25,Medium
599,68.3,Good,70.7,98.3,72.9,Basic,Advanced,5.3,0,100.0,100.0,1.3,Medium,30.47,Medium
600,80.7,Good,54.8,78.2,75.9,Advanced,Advanced,6.5,3,70.9,94.3,6.4,Startup,57.35,Medium
601,86.4,Good,65.4,75.2,71.7,Expert,Standard,6.0,0,70.8,100.0,8.4,Medium,20.72,Low
602,61.2,Fair,51.5,85.9,60.5,Advanced,Standard,4.9,1,60.7,86.4,4.0,Startup,40.83,Medium
603,88.0,Fair,87.8,95.3,84.2,Basic,Advanced,7.6,0,77.2,100.0,5.5,Medium,14.72,Low
604,95.3,Excellent,90.7,86.7,90.8,Advanced,Advanced,10.0,2,86.1,100.0,16.7,Medium,26.35,Low
605,81.2,Good,33.1,66.1,89.7,None,Advanced,10.0,0,96.7,99.2,1.0,Small,33.29,Medium
606,100.0,Poor,51.4,75.4,94.3,None,Standard,7.6,4,48.2,78.3,12.6,Large,40.49,Medium
607,63.4,Excellent,40.1,84.1,86.9,Basic,Advanced,9.2,1,70.6,90.5,1.5,Enterprise,53.68,Medium
608,56.3,Poor,57.0,84.1,74.0,Advanced,Advanced,7.8,1,83.0,99.9,1.0,Large,40.01,Medium
609,48.3,Good,68.3,100.0,94.6,Basic,Advanced,8.2,3,85.6,91.6,1.6,Small,56.83,Medium
610,97.4,Fair,41.0,68.4,61.6,None,Advanced,7.0,0,75.1,100.0,11.6,Medium,12.21,Low
611,84.8,Excellent,51.6,91.1,68.5,None,Advanced,7.8,1,84.8,99.7,4.2,Enterprise,33.84,Medium
612,74.2,Fair,49.9,100.0,67.5,Expert,Advanced,8.3,4,60.4,89.3,16.5,Small,53.59,Medium
613,79.2,Fair,74.1,100.0,98.2,Advanced,Advanced,6.6,1,100.0,95.3,6.0,Large,12.44,Low
614,58.1,Poor,71.4,80.1,96.1,Basic,Military,7.4,1,92.9,87.8,1.0,Startup,47.83,Medium
615,100.0,Fair,55.6,90.9,89.3,Advanced,Basic,7.4,1,50.8,93.5,10.1,Startup,24.35,Low
616,76.9,Excellent,73.5,91.8,98.1,Advanced,Basic,8.7,1,55.6,90.6,1.0,Large,34.17,Medium
617,76.6,Excellent,59.1,87.3,68.8,Advanced,Military,5.9,3,56.2,100.0,12.5,Large,39.86,Medium
618,85.9,Fair,64.6,83.8,87.2,Basic,Advanced,7.4,0,87.2,100.0,1.5,Large,18.55,Low
619,82.2,Good,100.0,90.2,80.1,Expert,Advanced,10.0,2,51.9,83.6,3.4,Enterprise,53.4,Medium
620,78.4,Good,96.8,54.6,94.7,Basic,Advanced,9.2,1,69.0,79.6,11.5,Startup,26.98,Low
621,63.1,Excellent,44.0,93.2,80.3,Advanced,Basic,9.5,0,83.2,93.0,24.7,Small,13.45,Low
622,82.1,Good,86.6,86.5,76.2,None,Advanced,7.5,7,73.8,82.9,3.7,Enterprise,91.34,High
623,100.0,Fair,86.2,82.3,90.1,Basic,Advanced,8.0,2,79.7,95.4,14.1,Small,25.92,Low
624,95.2,Good,47.0,100.0,95.1,Basic,Standard,9.0,1,55.8,100.0,1.7,Medium,39.49,Medium
625,98.9,Good,86.4,76.9,72.0,Advanced,Standard,9.8,1,85.7,100.0,13.2,Medium,16.57,Low
626,67.3,Poor,100.0,80.2,81.1,None,Advanced,4.6,0,64.0,96.6,8.6,Startup,20.57,Low
627,60.2,Good,47.5,100.0,66.1,Advanced,Basic,5.5,2,69.2,93.5,1.7,Small,61.02,High
628,73.1,Fair,51.6,75.0,44.5,Basic,Advanced,9.5,0,79.3,79.2,2.9,Medium,46.03,Medium
629,75.8,Excellent,90.4,78.4,85.0,Advanced,Standard,7.1,0,76.9,95.2,1.1,Large,31.92,Medium
630,91.4,Poor,75.4,83.2,91.1,Advanced,Advanced,6.5,0,75.4,95.6,3.9,Large,24.27,Low
631,49.6,Good,81.0,95.1,85.9,Advanced,Military,5.6,1,61.5,100.0,1.8,Medium,45.03,Medium
632,97.9,Good,76.8,87.5,52.8,Advanced,Advanced,6.7,1,69.6,89.3,8.3,Medium,31.92,Medium
633,72.6,Good,77.8,69.5,76.7,Advanced,Advanced,5.4,0,75.0,91.5,41.6,Small,19.1,Low
634,68.6,Poor,43.5,78.6,48.7,Basic,Advanced,10.0,0,50.2,83.2,1.0,Startup,43.3,Medium
635,59.8,Good,90.9,77.7,100.0,Advanced,Standard,7.5,0,66.7,76.7,6.2,Medium,29.14,Low
636,50.2,Good,93.4,84.1,65.7,Basic,Standard,7.4,3,82.0,86.1,6.8,Startup,45.85,Medium
637,87.3,Good,65.4,90.1,100.0,Advanced,Military,8.4,0,52.0,82.4,19.6,Small,4.51,Low
638,76.1,Good,69.1,90.0,96.2,Advanced,Advanced,8.9,2,95.8,97.7,5.6,Medium,27.79,Low
639,55.7,Good,39.4,63.7,68.5,Basic,Advanced,8.9,2,97.9,90.9,6.3,Medium,37.63,Medium
640,55.6,Excellent,80.3,97.8,65.0,Basic,Standard,9.1,1,52.6,90.7,5.1,Startup,29.71,Low
641,70.0,Fair,81.4,88.0,87.3,Basic,Basic,6.6,1,99.4,87.1,2.5,Medium,36.97,Medium
642,100.0,Excellent,68.8,100.0,69.3,Advanced,Basic,7.1,1,72.4,70.0,1.0,Medium,33.52,Medium
643,71.1,Good,92.5,90.3,83.5,Expert,Advanced,8.7,1,82.5,100.0,4.2,Startup,27.79,Low
644,52.5,Poor,63.3,98.2,74.8,Advanced,Advanced,6.7,4,66.1,87.0,1.0,Enterprise,72.12,High
645,71.3,Poor,81.3,90.6,55.3,Advanced,Advanced,7.5,1,91.6,91.7,6.4,Startup,31.79,Medium
646,70.9,Fair,49.6,100.0,48.5,Expert,Advanced,8.1,1,82.3,83.4,2.9,Large,35.84,Medium
647,34.5,Excellent,69.5,91.3,85.4,None,Basic,8.7,1,60.3,100.0,6.1,Startup,45.02,Medium
648,74.2,Good,66.5,83.8,73.6,Basic,Standard,4.8,2,54.0,96.1,1.2,Large,54.28,Medium
649,71.5,Excellent,74.5,100.0,73.7,Advanced,Standard,8.6,1,48.7,88.4,21.6,Startup,42.88,Medium
650,85.4,Good,62.6,95.7,92.4,Advanced,Advanced,7.1,1,78.4,91.9,18.0,Large,24.43,Low
651,100.0,Good,67.4,91.9,99.6,Expert,Basic,8.6,3,85.3,100.0,1.7,Small,49.27,Medium
652,91.9,Poor,86.5,69.7,77.9,Basic,Military,8.7,0,86.7,94.4,3.4,Large,27.55,Low
653,71.0,Fair,61.3,69.5,76.9,None,Standard,9.9,0,72.9,93.5,7.6,Medium,15.07,Low
654,58.4,Good,37.9,88.5,89.5,Basic,Military,9.5,0,54.2,87.5,1.0,Startup,34.83,Medium
655,100.0,Poor,100.0,86.7,61.6,Basic,Advanced,9.5,0,62.7,79.8,3.5,Large,42.85,Medium
656,75.9,Fair,97.6,77.6,85.3,Basic,Military,9.7,1,95.7,93.7,2.3,Startup,31.89,Medium
657,75.2,Good,44.2,86.7,90.3,Advanced,Advanced,7.9,3,66.3,97.6,19.8,Enterprise,30.21,Medium
658,74.6,Good,83.8,100.0,92.2,None,Military,7.5,1,77.6,100.0,15.3,Startup,24.36,Low
659,78.0,Excellent,59.9,93.3,52.9,Advanced,Basic,8.8,0,55.6,77.0,6.9,Medium,18.19,Low
660,72.8,Excellent,75.3,71.3,70.6,Basic,Advanced,8.6,1,81.1,86.0,5.9,Large,27.61,Low
661,66.4,Good,75.9,83.7,68.8,Advanced,Military,7.0,3,66.8,90.4,21.4,Small,50.36,Medium
662,66.8,Good,65.3,75.3,83.5,None,Standard,8.1,0,93.8,95.0,21.6,Small,13.59,Low
663,74.5,Good,54.3,80.3,89.2,Basic,Basic,7.4,2,88.9,93.8,27.9,Large,27.93,Low
664,66.8,Excellent,56.2,80.0,100.0,None,Advanced,6.2,0,66.1,94.0,1.1,Large,30.39,Medium
665,64.3,Poor,51.7,79.3,74.6,Expert,Military,9.4,0,72.7,98.3,1.4,Enterprise,33.45,Medium
666,76.6,Good,53.4,69.9,74.5,Advanced,Advanced,7.6,1,65.1,87.8,9.0,Small,38.05,Medium
667,71.2,Excellent,68.7,83.5,99.2,Basic,Advanced,10.0,1,49.5,100.0,6.2,Medium,32.99,Medium
668,97.6,Fair,55.7,78.3,86.4,Basic,Standard,5.1,3,59.6,98.5,1.0,Small,69.14,High
669,35.2,Good,83.6,50.0,100.0,Expert,Basic,6.7,0,78.6,92.4,1.0,Small,37.62,Medium
670,91.4,Good,99.7,100.0,86.3,Basic,Advanced,7.5,1,80.9,100.0,17.5,Large,8.36,Low
671,93.7,Fair,58.4,98.1,64.6,None,Basic,9.2,2,77.7,100.0,16.3,Small,20.71,Low
672,43.9,Fair,74.8,80.5,62.0,Advanced,Advanced,8.1,1,69.6,100.0,3.5,Medium,47.25,Medium
673,69.9,Fair,80.0,85.2,58.7,Expert,Military,8.0,1,91.8,70.9,17.7,Medium,22.86,Low
674,69.4,Poor,79.4,70.9,91.9,None,Standard,5.8,1,76.1,100.0,7.2,Large,30.65,Medium
675,53.9,Poor,71.5,100.0,99.8,Basic,Advanced,5.8,1,87.7,100.0,13.1,Enterprise,19.3,Low
676,63.3,Excellent,84.9,100.0,100.0,Expert,Basic,8.0,0,43.1,100.0,4.5,Medium,27.2,Low
677,58.3,Fair,79.6,86.9,94.6,None,Advanced,5.5,2,20.0,100.0,1.0,Medium,51.13,Medium
678,100.0,Good,45.2,97.3,99.4,None,Standard,6.7,1,80.1,100.0,4.5,Large,28.34,Low
679,89.0,Fair,87.4,87.1,73.3,Advanced,Advanced,8.3,1,49.4,100.0,4.9,Medium,30.25,Medium
680,94.1,Excellent,87.7,69.0,64.7,Expert,Standard,6.0,2,71.2,100.0,6.4,Startup,25.91,Low
681,85.8,Fair,54.7,80.1,94.8,Basic,Advanced,9.9,0,69.6,100.0,1.0,Startup,27.76,Low
682,58.1,Good,70.8,86.6,88.3,Expert,Advanced,9.3,0,100.0,96.7,38.0,Startup,6.32,Low
683,67.1,Excellent,83.7,79.5,83.6,Advanced,Standard,5.1,0,82.2,82.4,2.2,Medium,32.22,Medium
684,82.3,Excellent,65.8,82.4,87.8,None,Advanced,6.1,2,78.0,92.5,1.8,Large,53.01,Medium
685,56.7,Fair,91.5,83.9,86.8,Expert,Standard,4.1,4,90.1,98.1,6.0,Small,60.03,High
686,85.7,Excellent,100.0,84.0,100.0,Basic,Advanced,6.3,0,81.6,95.6,6.2,Small,22.69,Low
687,71.4,Good,54.3,85.6,100.0,Basic,Standard,8.6,0,66.8,85.0,4.6,Enterprise,28.51,Low
688,69.4,Good,42.4,72.3,90.2,Advanced,Advanced,6.9,0,94.3,82.0,11.8,Large,26.24,Low
689,85.7,Poor,76.1,76.4,94.7,Basic,Standard,8.2,1,55.0,89.1,5.8,Medium,29.88,Low
690,81.7,Poor,84.4,69.6,89.7,None,Advanced,5.2,1,80.8,100.0,7.5,Small,22.89,Low
691,69.6,Good,65.4,96.7,75.1,None,Standard,8.7,1,47.1,100.0,10.3,Startup,16.8,Low
692,92.4,Good,99.1,59.7,93.3,Basic,Advanced,6.7,0,78.7,100.0,1.0,Startup,28.43,Low
693,58.8,Good,43.2,98.8,61.1,Advanced,Standard,7.5,1,78.5,100.0,6.8,Startup,36.27,Medium
694,84.2,Good,83.9,100.0,97.8,Advanced,Advanced,7.4,1,100.0,94.4,17.2,Small,7.68,Low
695,83.9,Excellent,57.9,81.4,64.1,Expert,Advanced,5.6,0,46.8,81.1,1.0,Medium,33.32,Medium
696,70.4,Fair,100.0,53.8,86.3,Basic,Standard,5.8,1,64.2,91.4,4.2,Startup,26.18,Low
697,79.9,Good,100.0,80.7,69.3,Basic,Advanced,9.0,0,89.8,92.9,20.9,Startup,5.43,Low
698,56.2,Poor,54.7,84.2,90.3,None,Basic,8.1,2,81.0,91.0,3.5,Small,58.34,Medium
699,88.9,Excellent,59.0,72.9,81.5,None,Standard,9.1,0,78.2,95.4,4.9,Medium,20.52,Low
700,72.2,Good,87.2,78.8,58.1,Basic,Advanced,8.0,1,57.8,98.5,31.9,Medium,14.96,Low
701,67.2,Excellent,62.3,100.0,88.3,Advanced,Advanced,7.7,2,64.4,100.0,1.8,Medium,54.31,Medium
702,90.7,Poor,69.1,93.0,73.3,Expert,Advanced,4.9,0,97.4,92.8,1.0,Small,21.51,Low
703,64.4,Poor,70.5,73.9,95.2,Expert,Standard,7.1,4,74.1,79.8,15.7,Small,45.19,Medium
704,53.9,Fair,31.6,65.8,82.0,Basic,Standard,7.5,0,81.8,91.1,16.2,Startup,16.84,Low
705,51.7,Fair,69.7,81.1,87.9,Expert,Standard,10.0,1,72.9,95.3,5.1,Small,45.6,Medium
706,84.1,Fair,56.2,82.4,67.6,Basic,Advanced,8.5,0,53.7,100.0,5.8,Large,38.77,Medium
707,55.8,Excellent,60.1,91.0,73.2,None,Advanced,9.8,1,91.8,90.5,14.5,Enterprise,29.01,Low
708,100.0,Fair,98.9,78.6,75.1,Expert,Advanced,8.4,2,84.1,99.1,10.7,Medium,30.38,Medium
709,43.8,Fair,44.9,91.1,94.9,Advanced,Standard,6.4,3,100.0,97.3,2.5,Enterprise,49.97,Medium
710,100.0,Excellent,86.3,100.0,100.0,None,Standard,7.7,0,56.7,95.4,1.0,Medium,33.63,Medium
711,78.2,Good,64.4,94.8,69.9,Basic,Standard,7.9,1,89.8,100.0,5.2,Startup,38.68,Medium
712,73.5,Excellent,64.4,84.4,98.2,Basic,Basic,6.1,2,51.4,89.7,15.7,Enterprise,41.02,Medium
713,66.8,Poor,85.8,82.8,49.5,Advanced,Standard,6.9,2,77.8,90.4,18.1,Startup,38.92,Medium
714,81.0,Good,76.8,80.7,64.1,Basic,Advanced,7.2,3,92.6,94.9,25.0,Medium,42.57,Medium
715,74.4,Poor,81.4,99.2,67.6,Expert,Advanced,9.9,0,37.7,89.9,16.9,Small,31.3,Medium
716,91.5,Poor,89.4,77.5,61.7,None,Advanced,4.4,4,71.3,99.1,6.9,Small,59.87,Medium
717,76.7,Excellent,63.4,85.5,58.2,Basic,Advanced,9.3,1,64.9,89.3,4.7,Medium,38.61,Medium
718,77.3,Poor,57.8,85.6,88.2,Basic,Basic,6.1,2,62.4,96.8,11.9,Medium,35.16,Medium
719,69.5,Good,48.3,79.0,78.8,Advanced,Advanced,5.4,2,81.9,94.2,10.8,Small,29.15,Low
720,74.1,Good,53.5,68.5,87.7,Basic,Basic,9.3,3,95.2,96.7,6.2,Small,52.07,Medium
721,79.6,Fair,100.0,88.9,92.4,Advanced,Military,8.6,0,72.6,91.3,1.0,Small,33.52,Medium
722,49.3,Excellent,94.9,84.3,86.0,Expert,Advanced,9.4,1,78.7,92.3,20.8,Enterprise,17.5,Low
723,54.8,Poor,43.0,91.0,91.9,Expert,Standard,8.7,1,77.1,95.8,4.9,Large,33.08,Medium
724,86.1,Good,43.6,78.6,81.0,Advanced,Military,10.0,2,75.0,96.6,3.6,Medium,52.47,Medium
725,77.6,Excellent,79.6,99.6,64.2,Expert,Basic,8.3,0,55.4,95.0,7.9,Small,20.95,Low
726,72.2,Good,80.9,74.5,97.9,Advanced,Advanced,7.3,2,95.0,100.0,9.0,Large,23.84,Low
727,75.3,Excellent,81.0,100.0,73.2,Advanced,Advanced,8.0,1,80.3,87.1,1.9,Small,40.84,Medium
728,80.2,Poor,64.9,64.0,68.0,Basic,Standard,9.4,1,82.1,94.5,14.5,Small,22.11,Low
729,66.9,Good,67.5,90.2,79.3,Basic,Advanced,6.3,0,60.5,82.4,2.7,Small,42.95,Medium
730,63.3,Fair,76.6,90.7,68.3,Basic,Advanced,6.5,2,66.7,98.0,1.7,Large,41.76,Medium
731,77.9,Good,71.7,75.5,75.7,Basic,Advanced,7.0,1,71.8,86.1,4.2,Startup,35.89,Medium
732,60.3,Excellent,25.6,90.1,87.2,Basic,Basic,4.3,2,47.4,92.8,10.5,Startup,47.96,Medium
733,81.1,Fair,65.4,100.0,87.2,Expert,Military,7.7,0,44.6,92.0,26.9,Medium,11.53,Low
734,49.5,Good,53.0,58.4,68.5,Basic,Standard,4.7,1,64.2,97.2,13.3,Small,23.64,Low
735,90.4,Fair,73.5,91.0,74.7,None,Standard,7.6,1,84.4,90.6,22.6,Medium,23.83,Low
736,82.1,Good,100.0,55.1,98.1,Advanced,Standard,8.8,1,63.2,90.2,1.2,Medium,40.25,Medium
737,78.8,Good,77.3,73.4,89.4,None,Basic,6.8,1,56.7,100.0,1.0,Medium,34.7,Medium
738,89.7,Excellent,63.7,100.0,100.0,None,Standard,10.0,0,60.3,97.3,6.5,Startup,22.4,Low
739,100.0,Good,88.4,78.0,99.7,Basic,Military,5.3,0,66.8,90.5,2.7,Startup,18.63,Low
740,90.2,Fair,79.7,70.9,99.2,Basic,Standard,9.3,0,68.6,93.0,14.1,Large,1.06,Low
741,47.4,Poor,78.4,82.6,61.2,Basic,Standard,8.5,1,100.0,100.0,8.9,Large,33.35,Medium
742,55.8,Fair,82.1,100.0,93.5,Advanced,Standard,4.9,3,94.0,93.1,28.2,Small,42.85,Medium
743,65.6,Fair,100.0,63.0,81.2,Advanced,Advanced,10.0,1,93.4,89.5,2.4,Startup,35.18,Medium
744,75.4,Fair,47.4,72.4,73.7,Basic,Advanced,7.4,2,96.0,89.5,5.3,Startup,41.95,Medium
745,82.8,Excellent,79.5,100.0,84.5,Basic,Standard,6.2,0,57.0,90.6,5.6,Medium,21.45,Low
746,64.1,Good,51.5,100.0,96.2,Basic,Basic,5.4,1,53.0,90.2,2.2,Large,44.78,Medium
747,77.8,Good,81.1,83.8,89.5,Advanced,Standard,7.2,2,55.1,84.8,7.1,Small,35.67,Medium
748,63.7,Poor,51.6,70.1,68.8,None,Basic,7.3,0,99.0,86.0,4.7,Medium,30.75,Medium
749,65.8,Excellent,61.7,100.0,93.1,None,Standard,7.7,2,65.2,88.4,4.7,Large,23.87,Low
750,53.9,Good,64.1,100.0,72.4,Advanced,Advanced,7.1,2,52.5,99.7,3.6,Enterprise,50.45,Medium
751,61.2,Poor,89.5,93.1,85.3,Basic,Standard,8.4,0,67.2,92.0,1.0,Startup,39.01,Medium
752,54.7,Good,88.4,75.3,77.4,None,Advanced,6.9,1,70.7,93.3,5.9,Small,30.38,Medium
753,60.4,Good,45.1,84.4,78.7,Basic,Standard,4.6,2,79.8,100.0,3.3,Startup,44.69,Medium
754,90.8,Poor,71.1,83.1,93.5,Expert,Military,7.3,2,79.5,100.0,1.0,Large,41.0,Medium
755,60.8,Good,55.8,89.0,66.4,Expert,Military,3.9,0,60.1,92.7,2.9,Large,32.39,Medium
756,100.0,Good,44.8,100.0,100.0,Advanced,Advanced,8.0,2,87.3,90.0,2.6,Medium,36.09,Medium
757,82.4,Fair,65.7,95.6,54.7,Basic,Standard,6.0,1,63.5,88.1,4.0,Startup,42.15,Medium
758,77.8,Excellent,63.8,72.1,73.0,Advanced,Standard,7.7,0,72.2,100.0,1.1,Small,50.28,Medium
759,62.1,Excellent,100.0,100.0,87.6,Expert,Advanced,9.5,0,87.4,93.4,5.7,Small,11.33,Low
760,85.5,Good,78.7,88.8,90.8,Expert,Advanced,6.1,2,63.4,91.9,9.4,Medium,20.96,Low
761,66.4,Good,42.4,93.2,80.5,Basic,Advanced,9.1,1,64.8,88.5,8.0,Small,26.8,Low
762,76.8,Good,58.7,100.0,81.1,Advanced,Advanced,6.8,1,85.7,88.8,13.0,Startup,26.41,Low
763,100.0,Good,90.4,71.7,88.2,None,Military,10.0,1,59.6,97.6,4.8,Large,19.03,Low
764,73.6,Good,100.0,84.6,78.5,Basic,Standard,7.0,1,68.1,84.5,5.9,Small,32.63,Medium
765,92.2,Poor,38.3,78.6,100.0,Advanced,Advanced,6.2,1,85.0,100.0,13.3,Medium,29.12,Low
766,64.5,Good,32.4,66.2,94.6,Basic,Basic,8.5,0,100.0,90.7,4.5,Startup,32.1,Medium
767,74.5,Excellent,100.0,89.2,95.1,Expert,Standard,6.8,3,85.9,93.8,9.7,Large,27.78,Low
768,100.0,Good,77.8,100.0,67.5,None,Advanced,6.2,2,83.5,84.3,4.6,Medium,53.86,Medium
769,65.6,Poor,52.6,62.9,80.8,Advanced,Standard,6.8,1,84.6,94.9,4.3,Enterprise,26.15,Low
770,100.0,Excellent,80.7,84.6,77.5,Expert,Advanced,7.4,2,55.7,92.4,11.4,Medium,30.74,Medium
771,85.6,Fair,17.3,92.7,66.9,Expert,Standard,9.5,0,77.1,94.6,1.5,Enterprise,39.77,Medium
772,66.6,Fair,70.1,86.5,87.4,None,Advanced,4.6,2,74.5,100.0,3.3,Large,36.65,Medium
773,84.5,Fair,76.6,83.6,73.9,Basic,Advanced,7.5,2,80.8,96.4,2.0,Medium,57.85,Medium
774,89.6,Fair,88.5,69.4,91.8,Advanced,Advanced,8.4,2,77.1,88.6,3.6,Enterprise,43.46,Medium
775,84.3,Excellent,49.7,87.8,65.9,None,Standard,7.8,3,81.8,89.3,2.1,Small,62.81,High
776,51.4,Good,71.7,75.9,100.0,Expert,Advanced,9.5,3,69.4,99.8,6.9,Small,55.52,Medium
777,64.1,Fair,51.5,58.7,68.6,Expert,Advanced,7.4,0,76.1,100.0,12.8,Startup,36.73,Medium
778,71.3,Excellent,75.1,99.3,85.3,None,Advanced,7.2,0,52.9,97.3,12.4,Medium,18.13,Low
779,73.9,Excellent,52.1,96.5,93.9,None,Basic,8.4,0,69.2,100.0,3.6,Large,30.53,Medium
780,84.3,Excellent,61.8,85.6,73.4,None,Advanced,7.6,0,100.0,99.9,35.9,Large,2.43,Low
781,77.7,Fair,50.1,87.7,94.8,Expert,Advanced,6.9,3,80.7,100.0,7.2,Startup,44.5,Medium
782,55.0,Good,83.0,97.9,63.6,None,Advanced,8.3,3,74.6,79.4,4.1,Medium,56.75,Medium
783,80.7,Excellent,87.2,87.7,100.0,Basic,Advanced,6.5,2,100.0,100.0,14.4,Small,24.92,Low
784,84.2,Excellent,65.3,95.8,82.2,Basic,Advanced,6.6,1,50.5,100.0,10.5,Medium,25.53,Low
785,83.4,Poor,70.8,81.4,73.1,Advanced,Standard,6.7,0,55.0,84.3,11.1,Small,13.37,Low
786,91.2,Poor,41.0,100.0,77.5,None,Basic,9.5,1,100.0,87.9,1.7,Enterprise,40.27,Medium
787,87.5,Good,64.0,88.8,94.1,Basic,Standard,2.7,0,75.8,88.2,5.1,Small,14.69,Low
788,81.9,Excellent,69.0,87.3,73.2,Expert,Advanced,8.1,4,70.6,89.2,15.8,Small,38.08,Medium
789,73.9,Good,100.0,69.8,70.8,Expert,Advanced,7.6,3,53.4,91.1,5.6,Large,50.05,Medium
790,50.1,Good,47.8,88.4,78.7,Advanced,Standard,5.0,4,83.1,96.9,9.2,Medium,58.39,Medium
791,81.4,Poor,99.3,75.0,64.3,None,Advanced,8.0,2,84.8,100.0,7.1,Startup,40.57,Medium
792,78.1,Good,89.9,77.3,100.0,Basic,Advanced,8.2,2,55.3,100.0,14.8,Medium,26.25,Low
793,79.1,Excellent,75.6,75.2,73.5,Advanced,Advanced,8.4,1,72.5,88.3,2.7,Startup,32.31,Medium
794,55.8,Fair,100.0,72.2,94.5,Basic,Standard,3.5,2,69.0,88.2,6.9,Enterprise,42.29,Medium
795,58.8,Excellent,77.4,100.0,85.1,Expert,Standard,9.5,0,79.6,100.0,1.1,Medium,35.52,Medium
796,90.8,Excellent,77.8,100.0,67.2,Advanced,Standard,6.4,0,54.9,100.0,9.4,Small,9.72,Low
797,74.4,Fair,68.9,100.0,81.9,None,Basic,8.5,2,97.5,95.7,10.5,Medium,36.52,Medium
798,85.2,Good,94.5,70.3,93.8,Expert,Standard,8.6,2,91.5,98.8,1.0,Startup,44.39,Medium
799,75.4,Fair,91.9,85.9,79.2,Expert,Basic,6.2,3,68.5,94.8,9.0,Large,51.87,Medium
800,75.4,Excellent,57.5,69.5,99.9,None,Advanced,8.5,2,71.1,99.2,4.3,Enterprise,43.9,Medium
801,89.1,Good,43.6,76.7,97.3,Advanced,Standard,6.9,1,72.5,92.3,1.1,Large,35.22,Medium
802,67.3,Good,65.9,74.0,95.8,Basic,Military,4.4,1,61.0,97.2,4.4,Small,38.78,Medium
803,76.4,Excellent,54.0,99.9,75.1,Basic,Standard,9.3,0,67.0,82.9,1.7,Small,43.15,Medium
804,68.1,Fair,68.7,80.2,65.8,None,Standard,6.3,0,70.1,89.5,4.3,Startup,19.72,Low
805,68.5,Excellent,94.7,97.8,72.8,Advanced,Standard,6.2,0,100.0,89.6,3.9,Medium,7.19,Low
806,70.4,Good,60.9,92.2,84.9,Expert,Basic,6.9,3,92.0,92.0,10.7,Medium,41.44,Medium
807,78.3,Fair,69.1,100.0,90.2,Advanced,Advanced,7.9,2,91.8,87.6,11.9,Medium,14.27,Low
808,67.8,Good,71.2,67.2,49.4,None,Basic,7.4,2,81.7,90.7,7.5,Enterprise,47.42,Medium
809,93.8,Excellent,87.0,100.0,81.9,Advanced,Military,8.3,2,54.9,82.9,1.0,Small,49.17,Medium
810,61.6,Fair,25.1,98.8,84.4,Basic,Advanced,5.5,0,74.3,99.4,21.4,Startup,9.1,Low
811,72.2,Excellent,57.9,73.3,77.8,Expert,Advanced,6.4,0,92.5,94.3,9.3,Startup,15.84,Low
812,68.4,Excellent,74.2,97.1,100.0,Basic,Advanced,7.3,1,52.4,81.4,1.0,Small,47.47,Medium
813,96.7,Fair,94.0,89.0,88.3,None,Advanced,10.0,1,86.5,88.3,13.7,Startup,21.38,Low
814,77.9,Excellent,60.2,82.3,100.0,None,Standard,7.3,2,100.0,97.7,1.8,Medium,33.54,Medium
815,90.5,Poor,32.5,75.1,78.8,Advanced,Advanced,9.1,0,94.1,90.7,6.9,Small,23.2,Low
816,52.7,Fair,82.4,76.4,96.1,Basic,Basic,7.6,1,100.0,89.4,5.0,Small,34.72,Medium
817,79.0,Fair,57.3,100.0,100.0,Advanced,Basic,6.8,0,78.9,94.4,4.4,Large,20.67,Low
818,88.3,Excellent,46.2,85.0,100.0,Basic,Advanced,7.1,0,92.4,97.7,17.6,Small,10.86,Low
819,76.2,Good,57.5,94.4,65.6,Basic,Advanced,7.2,2,62.1,83.5,4.6,Medium,49.95,Medium
820,91.0,Fair,66.3,75.5,78.2,Basic,Advanced,8.4,1,89.3,99.4,1.0,Small,45.97,Medium
821,67.2,Good,57.9,75.6,76.8,Expert,Standard,9.6,1,86.8,88.6,23.4,Medium,22.64,Low
822,96.1,Good,25.9,98.0,89.3,Expert,Advanced,8.0,2,80.2,94.9,20.3,Enterprise,16.36,Low
823,100.0,Poor,87.9,68.8,92.3,Basic,Standard,9.3,3,98.7,94.7,9.2,Startup,30.37,Medium
824,69.6,Excellent,95.5,80.0,69.4,Basic,Standard,6.1,1,65.3,90.8,5.0,Medium,38.67,Medium
825,68.3,Excellent,83.0,85.4,83.0,None,Standard,6.9,1,71.6,86.8,1.0,Large,37.31,Medium
826,96.8,Good,47.2,86.3,51.7,Advanced,Advanced,6.4,3,76.7,92.7,12.5,Medium,44.75,Medium
827,98.7,Excellent,66.0,82.9,100.0,Basic,Standard,8.0,2,56.5,100.0,1.0,Small,51.78,Medium
828,67.2,Good,69.9,89.7,74.3,Expert,Advanced,7.0,1,79.1,84.1,1.0,Small,33.52,Medium
829,68.7,Excellent,82.0,93.3,82.8,Expert,Advanced,8.6,2,44.1,100.0,6.2,Medium,31.18,Medium
830,70.8,Good,83.4,93.8,77.4,Basic,Advanced,6.1,2,93.8,92.9,1.4,Large,62.59,High
831,54.8,Good,55.3,73.2,99.2,Basic,Advanced,7.6,0,75.8,95.3,1.0,Startup,40.19,Medium
832,61.2,Fair,71.6,81.6,40.0,Expert,Advanced,8.5,1,65.6,86.3,4.4,Startup,46.75,Medium
833,59.9,Excellent,79.1,99.3,81.8,Advanced,Advanced,4.4,4,60.0,88.8,1.2,Small,75.32,High
834,63.5,Good,99.1,95.7,80.4,None,Advanced,10.0,1,70.8,91.0,1.4,Small,40.38,Medium
835,74.5,Fair,84.1,68.5,75.2,Basic,Standard,7.1,1,87.4,86.6,1.0,Small,49.47,Medium
836,78.5,Poor,85.8,89.2,100.0,Basic,Advanced,4.5,0,84.9,93.3,1.8,Small,31.48,Medium
837,98.3,Good,71.7,61.3,68.7,Basic,Advanced,7.7,2,62.3,91.7,10.1,Small,40.58,Medium
838,60.0,Good,98.2,85.6,93.6,None,Standard,7.6,2,59.8,100.0,13.2,Startup,35.92,Medium
839,89.8,Good,78.2,100.0,87.3,None,Standard,7.4,0,86.8,85.7,4.8,Enterprise,24.41,Low
840,71.8,Excellent,52.8,73.6,100.0,Advanced,Advanced,9.0,1,62.0,95.8,5.7,Startup,31.19,Medium
841,74.3,Poor,98.1,75.0,72.0,Basic,Basic,8.6,1,76.1,97.0,1.0,Small,35.04,Medium
842,85.1,Good,84.0,94.2,71.0,None,Military,7.9,1,77.2,86.4,1.0,Small,41.57,Medium
843,58.2,Fair,61.1,66.5,98.4,Basic,Standard,8.2,4,80.6,100.0,2.4,Enterprise,59.39,Medium
844,80.7,Excellent,60.4,77.4,88.4,Advanced,Advanced,7.3,1,90.4,91.8,6.3,Large,24.98,Low
845,77.5,Excellent,75.9,92.2,58.8,Expert,Standard,10.0,2,52.3,75.1,10.8,Large,24.33,Low
846,82.4,Good,79.3,77.4,73.9,Basic,Advanced,5.3,2,40.6,100.0,7.4,Startup,40.04,Medium
847,79.3,Good,73.9,82.2,87.8,Basic,Advanced,7.7,1,64.8,86.1,4.0,Large,36.07,Medium
848,100.0,Fair,76.2,93.9,94.6,Expert,Advanced,7.6,2,100.0,86.6,1.0,Medium,33.57,Medium
849,65.4,Good,100.0,90.1,71.8,Basic,Advanced,8.7,1,100.0,100.0,12.1,Small,25.06,Low
850,67.0,Excellent,91.4,88.2,40.0,Basic,Basic,6.2,2,100.0,92.2,3.6,Medium,39.75,Medium
851,65.7,Good,73.8,80.9,89.8,Basic,Basic,4.9,1,71.5,100.0,10.7,Large,43.78,Medium
852,66.7,Fair,88.8,89.4,63.7,None,Standard,7.7,1,42.9,100.0,5.8,Large,39.0,Medium
853,65.4,Good,49.3,83.5,51.7,Basic,Advanced,7.9,1,32.8,89.8,10.7,Large,37.94,Medium
854,92.8,Excellent,78.0,90.5,40.0,Expert,Standard,9.7,0,63.9,100.0,19.0,Enterprise,14.02,Low
855,96.3,Fair,100.0,79.0,94.2,Advanced,Standard,5.6,1,71.4,89.0,20.3,Small,25.2,Low
856,66.4,Fair,65.6,82.8,83.9,Basic,Advanced,9.2,5,98.4,100.0,6.1,Medium,64.68,High
857,62.5,Good,53.0,73.1,78.6,Expert,Advanced,10.0,3,90.6,89.5,5.7,Startup,53.82,Medium
858,82.1,Excellent,57.0,84.6,100.0,None,Advanced,6.9,4,79.1,100.0,2.5,Large,69.25,High
859,66.7,Poor,48.2,75.3,91.6,Basic,Standard,5.6,1,59.0,100.0,22.0,Small,21.69,Low
860,84.5,Fair,54.3,71.6,100.0,Advanced,Basic,6.9,1,57.7,97.5,4.9,Large,40.99,Medium
861,78.0,Poor,62.6,88.1,61.1,Advanced,Military,7.5,2,79.6,89.6,1.1,Small,67.06,High
862,52.3,Fair,41.9,87.6,81.5,None,Standard,8.3,0,87.5,93.8,4.5,Small,30.01,Medium
863,98.2,Good,70.3,94.4,57.7,Basic,Advanced,6.6,1,82.1,77.8,1.1,Startup,41.74,Medium
864,100.0,Good,88.0,79.8,78.6,Advanced,Advanced,9.8,0,56.4,96.8,5.6,Small,26.53,Low
865,65.8,Good,51.8,89.9,78.3,Advanced,Advanced,5.8,1,86.7,97.8,6.6,Large,44.06,Medium
866,69.2,Good,100.0,91.6,91.4,Advanced,Standard,4.9,2,82.7,96.1,3.3,Startup,49.77,Medium
867,79.3,Fair,80.2,90.3,82.7,Basic,Advanced,9.2,1,55.7,71.2,1.0,Medium,45.06,Medium
868,80.0,Excellent,90.6,75.1,91.4,None,Advanced,4.1,4,60.9,84.9,23.0,Startup,44.41,Medium
869,84.9,Good,56.8,86.8,92.6,Basic,Advanced,7.2,0,87.4,89.0,11.9,Small,8.93,Low
870,100.0,Excellent,87.1,89.4,100.0,None,Standard,10.0,1,70.8,97.3,14.6,Small,14.51,Low
871,72.3,Good,48.2,85.1,77.3,Expert,Standard,7.5,2,100.0,97.3,3.7,Small,30.55,Medium
872,63.0,Poor,87.8,60.0,67.9,Basic,Standard,5.8,1,84.0,93.6,11.4,Large,18.62,Low
873,54.3,Good,73.4,86.9,85.7,Basic,Advanced,7.4,1,66.2,100.0,5.3,Medium,21.59,Low
874,64.0,Fair,81.1,100.0,70.0,Advanced,Advanced,7.4,1,74.8,86.8,1.8,Small,49.51,Medium
875,74.5,Good,46.5,80.7,100.0,Basic,Standard,7.7,0,76.1,99.9,1.1,Medium,29.93,Low
876,100.0,Poor,52.1,76.3,77.8,Basic,Advanced,8.5,2,61.9,98.8,3.4,Startup,52.21,Medium
877,67.2,Fair,81.9,89.5,73.5,Advanced,Standard,5.9,1,58.6,98.0,1.2,Small,51.34,Medium
878,78.4,Excellent,51.0,88.7,74.9,Expert,Advanced,10.0,2,87.6,93.5,50.0,Medium,29.15,Low
879,74.8,Fair,79.3,99.3,92.8,Advanced,Military,7.9,2,90.2,100.0,1.0,Small,39.53,Medium
880,92.8,Excellent,42.7,69.9,79.6,None,Standard,8.6,0,85.9,98.9,4.7,Medium,31.12,Medium
881,100.0,Fair,87.0,93.8,72.4,Advanced,Standard,6.6,1,100.0,87.3,4.8,Medium,38.65,Medium
882,67.0,Good,45.3,92.1,100.0,Advanced,Standard,9.4,1,65.2,97.0,2.9,Large,40.56,Medium
883,67.7,Good,81.0,83.3,69.2,None,Advanced,7.1,2,100.0,100.0,6.8,Enterprise,35.07,Medium
884,90.7,Good,82.5,89.1,82.5,Basic,Advanced,7.9,0,58.8,90.3,1.3,Startup,32.84,Medium
885,85.2,Fair,56.1,97.4,91.8,Expert,Military,6.1,1,56.8,100.0,12.3,Small,28.1,Low
886,100.0,Fair,81.6,95.5,57.5,None,Standard,6.0,1,43.3,98.1,3.2,Small,46.24,Medium
887,83.8,Poor,75.2,71.3,89.2,Advanced,Military,8.5,2,67.0,76.3,7.2,Small,28.71,Low
888,69.6,Fair,59.2,94.8,66.2,Basic,Basic,6.8,2,65.9,97.4,10.1,Large,26.23,Low
889,83.9,Good,49.8,84.2,94.3,Basic,Advanced,6.2,3,84.5,91.8,17.6,Large,19.96,Low
890,91.6,Excellent,30.7,85.9,67.6,None,Basic,6.5,1,79.4,99.3,14.5,Medium,28.32,Low
891,87.3,Excellent,77.0,85.9,92.4,Advanced,Advanced,8.5,2,53.5,100.0,7.5,Medium,33.3,Medium
892,82.6,Excellent,38.7,83.2,98.6,Basic,Advanced,6.6,0,67.9,96.6,3.9,Startup,29.13,Low
893,91.0,Excellent,71.9,99.3,94.9,Advanced,Advanced,7.3,1,68.3,100.0,5.6,Medium,33.32,Medium
894,92.5,Good,64.7,84.0,85.8,Advanced,Advanced,7.5,2,43.0,93.6,11.7,Large,26.39,Low
895,95.7,Fair,83.6,71.6,78.5,Advanced,Standard,4.6,1,57.3,100.0,16.8,Medium,20.92,Low
896,84.7,Excellent,64.0,80.3,73.4,Expert,Basic,5.3,1,61.1,100.0,1.0,Small,40.43,Medium
897,72.5,Good,63.4,87.1,100.0,Advanced,Advanced,8.0,0,100.0,94.2,3.9,Medium,12.98,Low
898,77.2,Good,84.6,99.8,71.5,Basic,Standard,6.4,0,78.4,100.0,12.0,Small,7.39,Low
899,93.1,Poor,76.7,92.2,66.4,Expert,Standard,9.1,1,86.9,90.2,4.5,Medium,29.94,Low
900,62.7,Good,76.3,74.8,92.0,Advanced,Advanced,9.0,0,48.0,91.6,3.2,Medium,32.1,Medium
901,80.5,Good,79.4,100.0,70.1,Basic,Advanced,8.6,0,96.5,84.5,4.2,Small,16.21,Low
902,69.1,Excellent,39.3,88.2,67.7,None,Basic,10.0,0,98.4,96.9,7.4,Large,2.09,Low
903,75.4,Good,85.1,100.0,60.3,Advanced,Standard,7.4,3,39.0,97.6,50.0,Large,41.14,Medium
904,94.2,Fair,82.2,83.2,74.8,Basic,Basic,8.5,0,62.3,100.0,5.4,Startup,10.51,Low
905,77.9,Excellent,49.7,91.4,80.8,Advanced,Advanced,6.6,1,83.9,100.0,1.9,Enterprise,39.97,Medium
906,75.7,Poor,65.1,95.1,85.6,Basic,Advanced,10.0,1,86.6,92.7,1.4,Medium,26.79,Low
907,54.6,Good,69.2,99.6,96.3,None,Military,10.0,2,62.8,85.6,1.0,Large,49.53,Medium
908,86.2,Poor,67.3,97.7,89.9,Advanced,Advanced,7.5,2,69.5,98.5,6.5,Large,34.76,Medium
909,84.7,Good,76.7,95.5,79.1,None,Standard,8.1,2,64.2,100.0,6.3,Medium,43.96,Medium
910,100.0,Excellent,98.6,81.2,79.0,Basic,Military,9.5,0,77.0,100.0,1.8,Large,28.63,Low
911,70.4,Fair,91.6,78.1,89.7,Advanced,Advanced,7.3,1,96.5,100.0,9.5,Small,12.95,Low
912,78.3,Excellent,43.8,89.0,100.0,Basic,Standard,6.5,1,61.1,93.3,10.8,Small,12.59,Low
913,78.7,Fair,82.4,96.2,83.9,Advanced,Military,8.8,1,93.0,91.3,2.4,Medium,32.57,Medium
914,98.7,Excellent,96.6,82.3,75.0,Advanced,Advanced,7.6,1,60.9,89.1,3.4,Large,12.82,Low
915,73.6,Excellent,77.7,97.8,67.1,Advanced,Advanced,7.8,0,59.7,94.6,37.2,Large,3.71,Low
916,79.2,Excellent,91.8,100.0,60.3,None,Advanced,6.2,0,89.7,94.4,3.8,Medium,28.94,Low
917,84.1,Poor,100.0,74.0,92.0,None,Standard,4.9,1,91.6,96.7,11.4,Medium,14.82,Low
918,77.8,Excellent,90.5,75.0,90.7,Advanced,Standard,7.9,1,90.3,94.0,4.8,Small,33.09,Medium
919,68.3,Good,75.0,83.3,90.7,Expert,Advanced,8.9,0,51.3,93.9,12.6,Enterprise,21.21,Low
920,77.9,Fair,90.9,88.7,80.1,Advanced,Standard,7.2,1,66.6,88.8,11.7,Small,22.06,Low
921,91.1,Excellent,72.9,78.7,100.0,Advanced,Advanced,9.7,4,89.8,100.0,8.8,Large,34.25,Medium
922,59.6,Fair,70.5,100.0,74.7,Basic,Advanced,6.4,2,75.7,95.6,15.4,Medium,34.22,Medium
923,77.0,Excellent,63.0,90.1,96.3,Basic,Advanced,5.9,1,55.7,93.6,22.4,Medium,12.83,Low
924,64.5,Poor,100.0,85.5,81.4,Basic,Advanced,7.4,0,83.2,89.0,6.9,Small,23.49,Low
925,92.9,Good,53.6,67.8,72.9,None,Advanced,7.4,1,62.1,84.3,2.2,Enterprise,42.26,Medium
926,52.2,Good,100.0,69.2,90.9,None,Advanced,8.7,1,100.0,100.0,4.1,Medium,38.39,Medium
927,66.6,Poor,80.0,88.4,88.1,Expert,Advanced,6.3,1,100.0,99.4,11.4,Enterprise,8.8,Low
928,80.7,Fair,42.0,59.4,87.4,Basic,Standard,9.6,1,85.9,82.0,8.4,Startup,18.86,Low
929,98.5,Poor,77.4,97.2,83.2,Basic,Standard,10.0,2,99.5,100.0,1.6,Medium,39.6,Medium
930,74.0,Good,28.0,83.1,81.4,None,Standard,7.4,1,76.2,100.0,1.0,Large,53.09,Medium
931,66.7,Fair,82.5,100.0,100.0,Expert,Standard,9.4,0,88.8,96.0,9.2,Large,9.2,Low
932,100.0,Good,87.7,100.0,99.8,Advanced,Standard,5.9,2,100.0,100.0,2.3,Enterprise,36.45,Medium
933,53.3,Fair,58.2,82.8,92.8,Advanced,Standard,9.1,0,79.4,96.7,5.5,Startup,28.72,Low
934,42.0,Fair,72.5,83.7,83.7,Expert,Advanced,9.1,2,70.4,83.7,11.0,Startup,47.32,Medium
935,81.6,Good,100.0,96.9,97.1,Basic,Military,8.8,2,44.3,97.9,6.6,Medium,45.57,Medium
936,67.5,Poor,59.9,100.0,89.8,Advanced,Standard,7.5,0,73.5,97.0,1.0,Startup,41.77,Medium
937,59.7,Excellent,48.8,65.3,82.4,None,Advanced,3.1,2,89.8,90.2,1.6,Enterprise,46.72,Medium
938,85.6,Excellent,99.6,63.6,77.4,None,Advanced,6.5,0,92.0,99.6,2.0,Small,41.25,Medium
939,78.7,Good,100.0,77.5,80.8,Advanced,Basic,6.6,2,84.1,81.7,2.4,Medium,44.47,Medium
940,66.5,Good,70.1,92.0,40.0,Advanced,Military,6.0,0,65.3,100.0,6.7,Startup,29.78,Low
941,55.8,Excellent,90.2,91.0,85.2,Basic,Advanced,7.7,4,39.4,88.0,5.6,Medium,58.13,Medium
942,88.1,Fair,96.8,97.8,74.7,Basic,Standard,6.9,1,66.1,87.1,1.8,Small,37.18,Medium
943,84.8,Poor,55.2,70.6,100.0,Advanced,Advanced,6.3,0,69.5,94.1,1.0,Startup,44.85,Medium
944,73.5,Fair,60.3,57.2,82.3,None,Standard,5.9,2,69.4,98.5,1.5,Small,49.66,Medium
945,100.0,Excellent,94.6,95.3,64.2,Basic,Advanced,6.4,2,86.1,96.3,33.3,Small,23.93,Low
946,58.9,Poor,100.0,75.1,81.3,Basic,Basic,9.2,0,100.0,89.1,5.1,Enterprise,19.18,Low
947,52.1,Good,81.3,60.8,66.3,Basic,Advanced,6.5,3,77.2,91.0,16.2,Small,53.7,Medium
948,64.6,Excellent,52.4,86.7,89.1,Advanced,Advanced,6.7,2,71.1,85.9,15.1,Medium,42.88,Medium
949,74.3,Excellent,100.0,94.5,86.4,Basic,Advanced,6.8,0,70.3,93.2,5.7,Enterprise,18.65,Low
950,78.7,Good,59.4,83.5,96.4,None,Standard,8.0,2,77.2,100.0,9.8,Large,31.07,Medium
951,71.4,Poor,63.3,79.5,70.1,Advanced,Advanced,8.2,1,60.1,95.0,1.7,Enterprise,42.64,Medium
952,80.3,Excellent,76.8,83.1,82.5,Expert,Advanced,2.9,1,77.2,100.0,9.3,Enterprise,21.32,Low
953,56.2,Good,100.0,80.6,61.5,Basic,Advanced,9.0,3,83.1,100.0,2.5,Medium,71.68,High
954,96.7,Poor,87.1,68.8,92.5,None,Advanced,9.7,0,78.8,90.3,14.3,Medium,23.49,Low
955,73.8,Poor,78.3,76.4,89.8,Basic,Advanced,5.9,3,83.2,93.5,1.0,Startup,57.54,Medium
956,91.8,Excellent,79.3,91.3,89.4,Advanced,Advanced,6.0,2,82.8,100.0,11.9,Medium,23.96,Low
957,80.1,Good,70.9,88.9,82.0,Advanced,Advanced,6.8,1,43.1,100.0,1.0,Large,31.82,Medium
958,81.9,Excellent,81.2,87.0,88.2,Advanced,Advanced,6.4,2,86.5,81.6,17.0,Medium,45.73,Medium
959,83.5,Excellent,19.4,73.1,100.0,Expert,Advanced,7.8,2,62.9,98.1,2.9,Large,44.35,Medium
960,81.7,Good,64.1,82.8,77.7,Advanced,Advanced,4.6,1,55.3,95.0,8.5,Large,42.21,Medium
961,84.6,Good,74.8,58.9,84.1,Advanced,Standard,5.8,1,55.1,100.0,5.3,Small,34.37,Medium
962,94.9,Good,47.0,87.1,65.7,Basic,Advanced,9.8,1,82.8,89.0,3.6,Large,35.18,Medium
963,77.9,Fair,77.7,100.0,69.0,None,Advanced,6.1,0,71.0,88.3,8.3,Medium,11.26,Low
964,85.6,Good,65.9,67.3,83.5,Expert,Standard,9.4,1,44.7,89.6,23.6,Small,14.08,Low
965,73.7,Excellent,100.0,78.0,98.6,Basic,Advanced,8.0,2,83.6,90.4,1.0,Large,48.97,Medium
966,96.6,Good,100.0,88.9,78.2,None,Advanced,4.8,2,49.1,100.0,20.1,Medium,25.53,Low
967,64.9,Excellent,60.7,100.0,78.5,Advanced,Standard,8.5,3,77.5,85.6,7.5,Large,37.63,Medium
968,100.0,Good,67.0,79.6,75.9,Basic,Advanced,7.3,0,79.3,90.0,13.2,Medium,14.61,Low
969,74.4,Good,68.5,76.7,74.0,Advanced,Standard,6.8,1,90.9,80.7,3.9,Small,37.16,Medium
970,53.5,Good,61.0,61.4,86.4,Advanced,Standard,7.9,1,100.0,100.0,5.1,Large,26.18,Low
971,76.9,Good,73.9,86.2,59.5,Basic,Advanced,8.2,2,50.4,100.0,16.3,Medium,41.48,Medium
972,64.8,Good,54.8,100.0,100.0,Advanced,Basic,8.6,2,74.1,92.4,4.3,Small,39.5,Medium
973,87.6,Fair,47.4,88.3,72.0,Basic,Standard,9.3,3,70.0,92.6,6.1,Startup,57.91,Medium
974,65.2,Good,82.5,84.7,92.8,Basic,Advanced,8.1,1,82.8,98.6,1.0,Large,37.58,Medium
975,68.3,Poor,82.6,88.9,63.0,Advanced,Standard,5.4,1,78.9,100.0,1.4,Startup,23.57,Low
976,46.7,Fair,53.9,84.9,92.0,Advanced,Military,6.8,3,68.7,98.3,8.2,Large,38.79,Medium
977,68.2,Good,87.9,75.2,92.1,Advanced,Military,10.0,1,67.1,89.4,10.1,Small,30.88,Medium
978,38.6,Good,57.4,94.9,87.8,Basic,Standard,8.6,1,54.9,82.0,7.0,Medium,45.11,Medium
979,51.2,Excellent,75.1,87.7,67.1,Advanced,Basic,10.0,2,92.8,86.1,1.2,Enterprise,56.82,Medium
980,86.4,Good,86.4,85.2,85.7,None,Advanced,9.6,1,83.3,95.6,4.7,Small,13.72,Low
981,86.8,Good,69.3,73.3,64.3,Expert,Advanced,7.9,2,91.5,89.8,3.5,Medium,49.68,Medium
982,81.4,Good,79.1,100.0,78.2,Basic,Standard,8.0,0,69.4,96.6,5.5,Large,24.59,Low
983,60.5,Good,59.7,93.0,97.4,Advanced,Advanced,7.4,1,63.2,90.6,16.3,Large,33.72,Medium
984,74.3,Poor,66.1,78.4,94.0,None,Basic,4.9,1,55.6,86.5,12.0,Medium,29.63,Low
985,74.9,Fair,65.9,97.0,82.2,Basic,Advanced,7.5,0,81.5,85.6,1.0,Medium,26.78,Low
986,57.6,Fair,55.1,79.0,67.4,Basic,Standard,9.3,1,56.3,100.0,17.7,Large,23.97,Low
987,97.6,Good,66.5,75.6,91.7,Expert,Standard,6.6,1,100.0,100.0,5.1,Large,11.63,Low
988,88.2,Poor,39.0,75.9,82.3,Advanced,Standard,8.1,0,51.5,100.0,10.9,Large,29.33,Low
989,71.7,Poor,60.2,63.7,47.2,Expert,Military,8.8,3,79.9,99.3,1.2,Small,75.46,High
990,75.4,Fair,64.3,90.7,93.7,Basic,Advanced,6.1,2,100.0,91.6,8.9,Enterprise,29.39,Low
991,78.1,Excellent,64.9,63.0,81.6,Basic,Advanced,6.8,2,85.8,100.0,2.2,Medium,50.55,Medium
992,44.4,Fair,65.2,70.3,100.0,None,Standard,6.0,2,78.2,94.7,4.6,Startup,47.92,Medium
993,71.3,Good,68.8,60.1,65.6,Advanced,Standard,6.3,1,57.6,96.8,1.0,Small,59.71,Medium
994,64.8,Fair,79.6,84.0,40.0,Basic,Standard,5.6,2,50.1,94.7,1.3,Startup,67.38,High
995,60.0,Good,87.5,83.2,86.2,Expert,Advanced,6.1,1,88.9,71.4,1.0,Startup,47.94,Medium
996,70.8,Fair,57.0,81.1,86.4,Expert,Advanced,9.6,2,100.0,100.0,2.2,Small,28.97,Low
997,100.0,Fair,45.9,72.5,56.6,Expert,Advanced,6.1,1,67.1,98.9,1.0,Startup,51.83,Medium
998,84.6,Good,49.2,70.9,67.3,Advanced,Standard,7.7,1,54.5,97.6,9.4,Medium,32.79,Medium
999,66.4,Poor,60.3,90.6,100.0,Advanced,Military,6.7,2,30.8,94.5,1.0,Startup,64.36,High
1000,83.6,Poor,63.0,78.4,77.4,Advanced,Standard,9.3,1,57.3,96.3,7.7,Small,49.69,Medium
